niche,angle,design_text,font_style,palette,layout,notes
Dog Moms,Pun,Fueled by Coffee and Chaos,retro serif,black/white + 1 accent,center text,Keep high contrast for thumbnails
Dog Moms,Pun,Paws and Effect,retro serif,black/white + 1 accent,center text,Keep high contrast for thumbnails
Dog Moms,Pun,Grade A Chaos,retro serif,black/white + 1 accent,center text,Keep high contrast for thumbnails
Dog Moms,Pun,Vitals and Vibes,retro serif,black/white + 1 accent,center text,Keep high contrast for thumbnails
Dog Moms,Sentimental,Thank You for Everything,retro serif,black/white + 1 accent,center text,Keep high contrast for thumbnails
Dog Moms,Sentimental,Loved Beyond Words,retro serif,black/white + 1 accent,center text,Keep high contrast for thumbnails
Dog Moms,Sentimental,My Favorite Human,retro serif,black/white + 1 accent,center text,Keep high contrast for thumbnails
Dog Moms,Sentimental,Always in My Heart,retro serif,black/white + 1 accent,center text,Keep high contrast for thumbnails
Dog Moms,Minimalist,Mama Era,bold sans,black/white + 1 accent,center text,Keep high contrast for thumbnails
Dog Moms,Minimalist,Dad Mode,bold sans,black/white + 1 accent,center text,Keep high contrast for thumbnails
Dog Moms,Minimalist,Nurse Life,bold sans,black/white + 1 accent,center text,Keep high contrast for thumbnails
Dog Moms,Minimalist,Teacher Vibes,bold sans,black/white + 1 accent,center text,Keep high contrast for thumbnails
Dog Moms,Retro,Vintage Sunset,retro serif,black/white + 1 accent,center text,Keep high contrast for thumbnails
Dog Moms,Retro,Retro Script,retro serif,black/white + 1 accent,center text,Keep high contrast for thumbnails
Dog Moms,Retro,Groovy Flowers,retro serif,black/white + 1 accent,center text,Keep high contrast for thumbnails
Dog Moms,Retro,Old School Badge,retro serif,black/white + 1 accent,center text,Keep high contrast for thumbnails
Dog Moms,Sarcastic,Barely Functioning,bold sans,black/white + 1 accent,center text,Keep high contrast for thumbnails
Dog Moms,Sarcastic,Running on Vibes,bold sans,black/white + 1 accent,center text,Keep high contrast for thumbnails
Dog Moms,Sarcastic,Not Today,bold sans,black/white + 1 accent,center text,Keep high contrast for thumbnails
Dog Moms,Sarcastic,Professionally Tired,bold sans,black/white + 1 accent,center text,Keep high contrast for thumbnails
Dog Moms,Custom Name,Custom Name Here,retro serif,black/white + 1 accent,center text,Keep high contrast for thumbnails
Dog Moms,Custom Name,Personalized Family Name,retro serif,black/white + 1 accent,center text,Keep high contrast for thumbnails
Dog Moms,Custom Name,Add Kid Names,retro serif,black/white + 1 accent,center text,Keep high contrast for thumbnails
Dog Moms,Custom Name,Est. Year Custom,retro serif,black/white + 1 accent,center text,Keep high contrast for thumbnails
Dog Moms,Photo Style,Photo Collage Layout,retro serif,black/white + 1 accent,center text,Keep high contrast for thumbnails
Dog Moms,Photo Style,Polaroid Frame Style,retro serif,black/white + 1 accent,center text,Keep high contrast for thumbnails
Dog Moms,Photo Style,Snapshot Memory,retro serif,black/white + 1 accent,center text,Keep high contrast for thumbnails
Dog Moms,Photo Style,Picture + Name,retro serif,black/white + 1 accent,center text,Keep high contrast for thumbnails
Dog Moms,Profession Pride,Proud to Teach,retro serif,black/white + 1 accent,center text,Keep high contrast for thumbnails
Dog Moms,Profession Pride,Nurse Strong,retro serif,black/white + 1 accent,center text,Keep high contrast for thumbnails
Dog Moms,Profession Pride,Built for Service,retro serif,black/white + 1 accent,center text,Keep high contrast for thumbnails
Dog Moms,Profession Pride,Caregiver Heart,retro serif,black/white + 1 accent,center text,Keep high contrast for thumbnails
Cat Moms,Pun,Fueled by Coffee and Chaos,retro serif,black/white + 1 accent,center text,Keep high contrast for thumbnails
Cat Moms,Pun,Paws and Effect,retro serif,black/white + 1 accent,center text,Keep high contrast for thumbnails
Cat Moms,Pun,Grade A Chaos,retro serif,black/white + 1 accent,center text,Keep high contrast for thumbnails
Cat Moms,Pun,Vitals and Vibes,retro serif,black/white + 1 accent,center text,Keep high contrast for thumbnails
Cat Moms,Sentimental,Thank You for Everything,retro serif,black/white + 1 accent,center text,Keep high contrast for thumbnails
Cat Moms,Sentimental,Loved Beyond Words,retro serif,black/white + 1 accent,center text,Keep high contrast for thumbnails
Cat Moms,Sentimental,My Favorite Human,retro serif,black/white + 1 accent,center text,Keep high contrast for thumbnails
Cat Moms,Sentimental,Always in My Heart,retro serif,black/white + 1 accent,center text,Keep high contrast for thumbnails
Cat Moms,Minimalist,Mama Era,bold sans,black/white + 1 accent,center text,Keep high contrast for thumbnails
Cat Moms,Minimalist,Dad Mode,bold sans,black/white + 1 accent,center text,Keep high contrast for thumbnails
Cat Moms,Minimalist,Nurse Life,bold sans,black/white + 1 accent,center text,Keep high contrast for thumbnails
Cat Moms,Minimalist,Teacher Vibes,bold sans,black/white + 1 accent,center text,Keep high contrast for thumbnails
Cat Moms,Retro,Vintage Sunset,retro serif,black/white + 1 accent,center text,Keep high contrast for thumbnails
Cat Moms,Retro,Retro Script,retro serif,black/white + 1 accent,center text,Keep high contrast for thumbnails
Cat Moms,Retro,Groovy Flowers,retro serif,black/white + 1 accent,center text,Keep high contrast for thumbnails
Cat Moms,Retro,Old School Badge,retro serif,black/white + 1 accent,center text,Keep high contrast for thumbnails
Cat Moms,Sarcastic,Barely Functioning,bold sans,black/white + 1 accent,center text,Keep high contrast for thumbnails
Cat Moms,Sarcastic,Running on Vibes,bold sans,black/white + 1 accent,center text,Keep high contrast for thumbnails
Cat Moms,Sarcastic,Not Today,bold sans,black/white + 1 accent,center text,Keep high contrast for thumbnails
Cat Moms,Sarcastic,Professionally Tired,bold sans,black/white + 1 accent,center text,Keep high contrast for thumbnails
Cat Moms,Custom Name,Custom Name Here,retro serif,black/white + 1 accent,center text,Keep high contrast for thumbnails
Cat Moms,Custom Name,Personalized Family Name,retro serif,black/white + 1 accent,center text,Keep high contrast for thumbnails
Cat Moms,Custom Name,Add Kid Names,retro serif,black/white + 1 accent,center text,Keep high contrast for thumbnails
Cat Moms,Custom Name,Est. Year Custom,retro serif,black/white + 1 accent,center text,Keep high contrast for thumbnails
Cat Moms,Photo Style,Photo Collage Layout,retro serif,black/white + 1 accent,center text,Keep high contrast for thumbnails
Cat Moms,Photo Style,Polaroid Frame Style,retro serif,black/white + 1 accent,center text,Keep high contrast for thumbnails
Cat Moms,Photo Style,Snapshot Memory,retro serif,black/white + 1 accent,center text,Keep high contrast for thumbnails
Cat Moms,Photo Style,Picture + Name,retro serif,black/white + 1 accent,center text,Keep high contrast for thumbnails
Cat Moms,Profession Pride,Proud to Teach,retro serif,black/white + 1 accent,center text,Keep high contrast for thumbnails
Cat Moms,Profession Pride,Nurse Strong,retro serif,black/white + 1 accent,center text,Keep high contrast for thumbnails
Cat Moms,Profession Pride,Built for Service,retro serif,black/white + 1 accent,center text,Keep high contrast for thumbnails
Cat Moms,Profession Pride,Caregiver Heart,retro serif,black/white + 1 accent,center text,Keep high contrast for thumbnails
Teachers,Pun,Fueled by Coffee and Chaos,retro serif,black/white + 1 accent,center text,Keep high contrast for thumbnails
Teachers,Pun,Paws and Effect,retro serif,black/white + 1 accent,center text,Keep high contrast for thumbnails
Teachers,Pun,Grade A Chaos,retro serif,black/white + 1 accent,center text,Keep high contrast for thumbnails
Teachers,Pun,Vitals and Vibes,retro serif,black/white + 1 accent,center text,Keep high contrast for thumbnails
Teachers,Sentimental,Thank You for Everything,retro serif,black/white + 1 accent,center text,Keep high contrast for thumbnails
Teachers,Sentimental,Loved Beyond Words,retro serif,black/white + 1 accent,center text,Keep high contrast for thumbnails
Teachers,Sentimental,My Favorite Human,retro serif,black/white + 1 accent,center text,Keep high contrast for thumbnails
Teachers,Sentimental,Always in My Heart,retro serif,black/white + 1 accent,center text,Keep high contrast for thumbnails
Teachers,Minimalist,Mama Era,bold sans,black/white + 1 accent,center text,Keep high contrast for thumbnails
Teachers,Minimalist,Dad Mode,bold sans,black/white + 1 accent,center text,Keep high contrast for thumbnails
Teachers,Minimalist,Nurse Life,bold sans,black/white + 1 accent,center text,Keep high contrast for thumbnails
Teachers,Minimalist,Teacher Vibes,bold sans,black/white + 1 accent,center text,Keep high contrast for thumbnails
Teachers,Retro,Vintage Sunset,retro serif,black/white + 1 accent,center text,Keep high contrast for thumbnails
Teachers,Retro,Retro Script,retro serif,black/white + 1 accent,center text,Keep high contrast for thumbnails
Teachers,Retro,Groovy Flowers,retro serif,black/white + 1 accent,center text,Keep high contrast for thumbnails
Teachers,Retro,Old School Badge,retro serif,black/white + 1 accent,center text,Keep high contrast for thumbnails
Teachers,Sarcastic,Barely Functioning,bold sans,black/white + 1 accent,center text,Keep high contrast for thumbnails
Teachers,Sarcastic,Running on Vibes,bold sans,black/white + 1 accent,center text,Keep high contrast for thumbnails
Teachers,Sarcastic,Not Today,bold sans,black/white + 1 accent,center text,Keep high contrast for thumbnails
Teachers,Sarcastic,Professionally Tired,bold sans,black/white + 1 accent,center text,Keep high contrast for thumbnails
Teachers,Custom Name,Custom Name Here,retro serif,black/white + 1 accent,center text,Keep high contrast for thumbnails
Teachers,Custom Name,Personalized Family Name,retro serif,black/white + 1 accent,center text,Keep high contrast for thumbnails
Teachers,Custom Name,Add Kid Names,retro serif,black/white + 1 accent,center text,Keep high contrast for thumbnails
Teachers,Custom Name,Est. Year Custom,retro serif,black/white + 1 accent,center text,Keep high contrast for thumbnails
Teachers,Photo Style,Photo Collage Layout,retro serif,black/white + 1 accent,center text,Keep high contrast for thumbnails
Teachers,Photo Style,Polaroid Frame Style,retro serif,black/white + 1 accent,center text,Keep high contrast for thumbnails
Teachers,Photo Style,Snapshot Memory,retro serif,black/white + 1 accent,center text,Keep high contrast for thumbnails
Teachers,Photo Style,Picture + Name,retro serif,black/white + 1 accent,center text,Keep high contrast for thumbnails
Teachers,Profession Pride,Proud to Teach,retro serif,black/white + 1 accent,center text,Keep high contrast for thumbnails
Teachers,Profession Pride,Nurse Strong,retro serif,black/white + 1 accent,center text,Keep high contrast for thumbnails
Teachers,Profession Pride,Built for Service,retro serif,black/white + 1 accent,center text,Keep high contrast for thumbnails
Teachers,Profession Pride,Caregiver Heart,retro serif,black/white + 1 accent,center text,Keep high contrast for thumbnails
Nurses,Pun,Fueled by Coffee and Chaos,retro serif,black/white + 1 accent,center text,Keep high contrast for thumbnails
Nurses,Pun,Paws and Effect,retro serif,black/white + 1 accent,center text,Keep high contrast for thumbnails
Nurses,Pun,Grade A Chaos,retro serif,black/white + 1 accent,center text,Keep high contrast for thumbnails
Nurses,Pun,Vitals and Vibes,retro serif,black/white + 1 accent,center text,Keep high contrast for thumbnails
Nurses,Sentimental,Thank You for Everything,retro serif,black/white + 1 accent,center text,Keep high contrast for thumbnails
Nurses,Sentimental,Loved Beyond Words,retro serif,black/white + 1 accent,center text,Keep high contrast for thumbnails
Nurses,Sentimental,My Favorite Human,retro serif,black/white + 1 accent,center text,Keep high contrast for thumbnails
Nurses,Sentimental,Always in My Heart,retro serif,black/white + 1 accent,center text,Keep high contrast for thumbnails
Nurses,Minimalist,Mama Era,bold sans,black/white + 1 accent,center text,Keep high contrast for thumbnails
Nurses,Minimalist,Dad Mode,bold sans,black/white + 1 accent,center text,Keep high contrast for thumbnails
Nurses,Minimalist,Nurse Life,bold sans,black/white + 1 accent,center text,Keep high contrast for thumbnails
Nurses,Minimalist,Teacher Vibes,bold sans,black/white + 1 accent,center text,Keep high contrast for thumbnails
Nurses,Retro,Vintage Sunset,retro serif,black/white + 1 accent,center text,Keep high contrast for thumbnails
Nurses,Retro,Retro Script,retro serif,black/white + 1 accent,center text,Keep high contrast for thumbnails
Nurses,Retro,Groovy Flowers,retro serif,black/white + 1 accent,center text,Keep high contrast for thumbnails
Nurses,Retro,Old School Badge,retro serif,black/white + 1 accent,center text,Keep high contrast for thumbnails
Nurses,Sarcastic,Barely Functioning,bold sans,black/white + 1 accent,center text,Keep high contrast for thumbnails
Nurses,Sarcastic,Running on Vibes,bold sans,black/white + 1 accent,center text,Keep high contrast for thumbnails
Nurses,Sarcastic,Not Today,bold sans,black/white + 1 accent,center text,Keep high contrast for thumbnails
Nurses,Sarcastic,Professionally Tired,bold sans,black/white + 1 accent,center text,Keep high contrast for thumbnails
Nurses,Custom Name,Custom Name Here,retro serif,black/white + 1 accent,center text,Keep high contrast for thumbnails
Nurses,Custom Name,Personalized Family Name,retro serif,black/white + 1 accent,center text,Keep high contrast for thumbnails
Nurses,Custom Name,Add Kid Names,retro serif,black/white + 1 accent,center text,Keep high contrast for thumbnails
Nurses,Custom Name,Est. Year Custom,retro serif,black/white + 1 accent,center text,Keep high contrast for thumbnails
Nurses,Photo Style,Photo Collage Layout,retro serif,black/white + 1 accent,center text,Keep high contrast for thumbnails
Nurses,Photo Style,Polaroid Frame Style,retro serif,black/white + 1 accent,center text,Keep high contrast for thumbnails
Nurses,Photo Style,Snapshot Memory,retro serif,black/white + 1 accent,center text,Keep high contrast for thumbnails
Nurses,Photo Style,Picture + Name,retro serif,black/white + 1 accent,center text,Keep high contrast for thumbnails
Nurses,Profession Pride,Proud to Teach,retro serif,black/white + 1 accent,center text,Keep high contrast for thumbnails
Nurses,Profession Pride,Nurse Strong,retro serif,black/white + 1 accent,center text,Keep high contrast for thumbnails
Nurses,Profession Pride,Built for Service,retro serif,black/white + 1 accent,center text,Keep high contrast for thumbnails
Nurses,Profession Pride,Caregiver Heart,retro serif,black/white + 1 accent,center text,Keep high contrast for thumbnails
Book Lovers,Pun,Fueled by Coffee and Chaos,retro serif,black/white + 1 accent,center text,Keep high contrast for thumbnails
Book Lovers,Pun,Paws and Effect,retro serif,black/white + 1 accent,center text,Keep high contrast for thumbnails
Book Lovers,Pun,Grade A Chaos,retro serif,black/white + 1 accent,center text,Keep high contrast for thumbnails
Book Lovers,Pun,Vitals and Vibes,retro serif,black/white + 1 accent,center text,Keep high contrast for thumbnails
Book Lovers,Sentimental,Thank You for Everything,retro serif,black/white + 1 accent,center text,Keep high contrast for thumbnails
Book Lovers,Sentimental,Loved Beyond Words,retro serif,black/white + 1 accent,center text,Keep high contrast for thumbnails
Book Lovers,Sentimental,My Favorite Human,retro serif,black/white + 1 accent,center text,Keep high contrast for thumbnails
Book Lovers,Sentimental,Always in My Heart,retro serif,black/white + 1 accent,center text,Keep high contrast for thumbnails
Book Lovers,Minimalist,Mama Era,bold sans,black/white + 1 accent,center text,Keep high contrast for thumbnails
Book Lovers,Minimalist,Dad Mode,bold sans,black/white + 1 accent,center text,Keep high contrast for thumbnails
Book Lovers,Minimalist,Nurse Life,bold sans,black/white + 1 accent,center text,Keep high contrast for thumbnails
Book Lovers,Minimalist,Teacher Vibes,bold sans,black/white + 1 accent,center text,Keep high contrast for thumbnails
Book Lovers,Retro,Vintage Sunset,retro serif,black/white + 1 accent,center text,Keep high contrast for thumbnails
Book Lovers,Retro,Retro Script,retro serif,black/white + 1 accent,center text,Keep high contrast for thumbnails
Book Lovers,Retro,Groovy Flowers,retro serif,black/white + 1 accent,center text,Keep high contrast for thumbnails
Book Lovers,Retro,Old School Badge,retro serif,black/white + 1 accent,center text,Keep high contrast for thumbnails
Book Lovers,Sarcastic,Barely Functioning,bold sans,black/white + 1 accent,center text,Keep high contrast for thumbnails
Book Lovers,Sarcastic,Running on Vibes,bold sans,black/white + 1 accent,center text,Keep high contrast for thumbnails
Book Lovers,Sarcastic,Not Today,bold sans,black/white + 1 accent,center text,Keep high contrast for thumbnails
Book Lovers,Sarcastic,Professionally Tired,bold sans,black/white + 1 accent,center text,Keep high contrast for thumbnails
Book Lovers,Custom Name,Custom Name Here,retro serif,black/white + 1 accent,center text,Keep high contrast for thumbnails
Book Lovers,Custom Name,Personalized Family Name,retro serif,black/white + 1 accent,center text,Keep high contrast for thumbnails
Book Lovers,Custom Name,Add Kid Names,retro serif,black/white + 1 accent,center text,Keep high contrast for thumbnails
Book Lovers,Custom Name,Est. Year Custom,retro serif,black/white + 1 accent,center text,Keep high contrast for thumbnails
Book Lovers,Photo Style,Photo Collage Layout,retro serif,black/white + 1 accent,center text,Keep high contrast for thumbnails
Book Lovers,Photo Style,Polaroid Frame Style,retro serif,black/white + 1 accent,center text,Keep high contrast for thumbnails
Book Lovers,Photo Style,Snapshot Memory,retro serif,black/white + 1 accent,center text,Keep high contrast for thumbnails
Book Lovers,Photo Style,Picture + Name,retro serif,black/white + 1 accent,center text,Keep high contrast for thumbnails
Book Lovers,Profession Pride,Proud to Teach,retro serif,black/white + 1 accent,center text,Keep high contrast for thumbnails
Book Lovers,Profession Pride,Nurse Strong,retro serif,black/white + 1 accent,center text,Keep high contrast for thumbnails
Book Lovers,Profession Pride,Built for Service,retro serif,black/white + 1 accent,center text,Keep high contrast for thumbnails
Book Lovers,Profession Pride,Caregiver Heart,retro serif,black/white + 1 accent,center text,Keep high contrast for thumbnails
Gamers,Pun,Fueled by Coffee and Chaos,retro serif,black/white + 1 accent,center text,Keep high contrast for thumbnails
Gamers,Pun,Paws and Effect,retro serif,black/white + 1 accent,center text,Keep high contrast for thumbnails
Gamers,Pun,Grade A Chaos,retro serif,black/white + 1 accent,center text,Keep high contrast for thumbnails
Gamers,Pun,Vitals and Vibes,retro serif,black/white + 1 accent,center text,Keep high contrast for thumbnails
Gamers,Sentimental,Thank You for Everything,retro serif,black/white + 1 accent,center text,Keep high contrast for thumbnails
Gamers,Sentimental,Loved Beyond Words,retro serif,black/white + 1 accent,center text,Keep high contrast for thumbnails
Gamers,Sentimental,My Favorite Human,retro serif,black/white + 1 accent,center text,Keep high contrast for thumbnails
Gamers,Sentimental,Always in My Heart,retro serif,black/white + 1 accent,center text,Keep high contrast for thumbnails
Gamers,Minimalist,Mama Era,bold sans,black/white + 1 accent,center text,Keep high contrast for thumbnails
Gamers,Minimalist,Dad Mode,bold sans,black/white + 1 accent,center text,Keep high contrast for thumbnails
Gamers,Minimalist,Nurse Life,bold sans,black/white + 1 accent,center text,Keep high contrast for thumbnails
Gamers,Minimalist,Teacher Vibes,bold sans,black/white + 1 accent,center text,Keep high contrast for thumbnails
Gamers,Retro,Vintage Sunset,retro serif,black/white + 1 accent,center text,Keep high contrast for thumbnails
Gamers,Retro,Retro Script,retro serif,black/white + 1 accent,center text,Keep high contrast for thumbnails
Gamers,Retro,Groovy Flowers,retro serif,black/white + 1 accent,center text,Keep high contrast for thumbnails
Gamers,Retro,Old School Badge,retro serif,black/white + 1 accent,center text,Keep high contrast for thumbnails
Gamers,Sarcastic,Barely Functioning,bold sans,black/white + 1 accent,center text,Keep high contrast for thumbnails
Gamers,Sarcastic,Running on Vibes,bold sans,black/white + 1 accent,center text,Keep high contrast for thumbnails
Gamers,Sarcastic,Not Today,bold sans,black/white + 1 accent,center text,Keep high contrast for thumbnails
Gamers,Sarcastic,Professionally Tired,bold sans,black/white + 1 accent,center text,Keep high contrast for thumbnails
Gamers,Custom Name,Custom Name Here,retro serif,black/white + 1 accent,center text,Keep high contrast for thumbnails
Gamers,Custom Name,Personalized Family Name,retro serif,black/white + 1 accent,center text,Keep high contrast for thumbnails
Gamers,Custom Name,Add Kid Names,retro serif,black/white + 1 accent,center text,Keep high contrast for thumbnails
Gamers,Custom Name,Est. Year Custom,retro serif,black/white + 1 accent,center text,Keep high contrast for thumbnails
Gamers,Photo Style,Photo Collage Layout,retro serif,black/white + 1 accent,center text,Keep high contrast for thumbnails
Gamers,Photo Style,Polaroid Frame Style,retro serif,black/white + 1 accent,center text,Keep high contrast for thumbnails
Gamers,Photo Style,Snapshot Memory,retro serif,black/white + 1 accent,center text,Keep high contrast for thumbnails
Gamers,Photo Style,Picture + Name,retro serif,black/white + 1 accent,center text,Keep high contrast for thumbnails
Gamers,Profession Pride,Proud to Teach,retro serif,black/white + 1 accent,center text,Keep high contrast for thumbnails
Gamers,Profession Pride,Nurse Strong,retro serif,black/white + 1 accent,center text,Keep high contrast for thumbnails
Gamers,Profession Pride,Built for Service,retro serif,black/white + 1 accent,center text,Keep high contrast for thumbnails
Gamers,Profession Pride,Caregiver Heart,retro serif,black/white + 1 accent,center text,Keep high contrast for thumbnails
New Moms,Pun,Fueled by Coffee and Chaos,retro serif,black/white + 1 accent,center text,Keep high contrast for thumbnails
New Moms,Pun,Paws and Effect,retro serif,black/white + 1 accent,center text,Keep high contrast for thumbnails
New Moms,Pun,Grade A Chaos,retro serif,black/white + 1 accent,center text,Keep high contrast for thumbnails
New Moms,Pun,Vitals and Vibes,retro serif,black/white + 1 accent,center text,Keep high contrast for thumbnails
New Moms,Sentimental,Thank You for Everything,retro serif,black/white + 1 accent,center text,Keep high contrast for thumbnails
New Moms,Sentimental,Loved Beyond Words,retro serif,black/white + 1 accent,center text,Keep high contrast for thumbnails
New Moms,Sentimental,My Favorite Human,retro serif,black/white + 1 accent,center text,Keep high contrast for thumbnails
New Moms,Sentimental,Always in My Heart,retro serif,black/white + 1 accent,center text,Keep high contrast for thumbnails
New Moms,Minimalist,Mama Era,bold sans,black/white + 1 accent,center text,Keep high contrast for thumbnails
New Moms,Minimalist,Dad Mode,bold sans,black/white + 1 accent,center text,Keep high contrast for thumbnails
New Moms,Minimalist,Nurse Life,bold sans,black/white + 1 accent,center text,Keep high contrast for thumbnails
New Moms,Minimalist,Teacher Vibes,bold sans,black/white + 1 accent,center text,Keep high contrast for thumbnails
New Moms,Retro,Vintage Sunset,retro serif,black/white + 1 accent,center text,Keep high contrast for thumbnails
New Moms,Retro,Retro Script,retro serif,black/white + 1 accent,center text,Keep high contrast for thumbnails
New Moms,Retro,Groovy Flowers,retro serif,black/white + 1 accent,center text,Keep high contrast for thumbnails
New Moms,Retro,Old School Badge,retro serif,black/white + 1 accent,center text,Keep high contrast for thumbnails
New Moms,Sarcastic,Barely Functioning,bold sans,black/white + 1 accent,center text,Keep high contrast for thumbnails
New Moms,Sarcastic,Running on Vibes,bold sans,black/white + 1 accent,center text,Keep high contrast for thumbnails
New Moms,Sarcastic,Not Today,bold sans,black/white + 1 accent,center text,Keep high contrast for thumbnails
New Moms,Sarcastic,Professionally Tired,bold sans,black/white + 1 accent,center text,Keep high contrast for thumbnails
New Moms,Custom Name,Custom Name Here,retro serif,black/white + 1 accent,center text,Keep high contrast for thumbnails
New Moms,Custom Name,Personalized Family Name,retro serif,black/white + 1 accent,center text,Keep high contrast for thumbnails
New Moms,Custom Name,Add Kid Names,retro serif,black/white + 1 accent,center text,Keep high contrast for thumbnails
New Moms,Custom Name,Est. Year Custom,retro serif,black/white + 1 accent,center text,Keep high contrast for thumbnails
New Moms,Photo Style,Photo Collage Layout,retro serif,black/white + 1 accent,center text,Keep high contrast for thumbnails
New Moms,Photo Style,Polaroid Frame Style,retro serif,black/white + 1 accent,center text,Keep high contrast for thumbnails
New Moms,Photo Style,Snapshot Memory,retro serif,black/white + 1 accent,center text,Keep high contrast for thumbnails
New Moms,Photo Style,Picture + Name,retro serif,black/white + 1 accent,center text,Keep high contrast for thumbnails
New Moms,Profession Pride,Proud to Teach,retro serif,black/white + 1 accent,center text,Keep high contrast for thumbnails
New Moms,Profession Pride,Nurse Strong,retro serif,black/white + 1 accent,center text,Keep high contrast for thumbnails
New Moms,Profession Pride,Built for Service,retro serif,black/white + 1 accent,center text,Keep high contrast for thumbnails
New Moms,Profession Pride,Caregiver Heart,retro serif,black/white + 1 accent,center text,Keep high contrast for thumbnails
New Dads,Pun,Fueled by Coffee and Chaos,retro serif,black/white + 1 accent,center text,Keep high contrast for thumbnails
New Dads,Pun,Paws and Effect,retro serif,black/white + 1 accent,center text,Keep high contrast for thumbnails
New Dads,Pun,Grade A Chaos,retro serif,black/white + 1 accent,center text,Keep high contrast for thumbnails
New Dads,Pun,Vitals and Vibes,retro serif,black/white + 1 accent,center text,Keep high contrast for thumbnails
New Dads,Sentimental,Thank You for Everything,retro serif,black/white + 1 accent,center text,Keep high contrast for thumbnails
New Dads,Sentimental,Loved Beyond Words,retro serif,black/white + 1 accent,center text,Keep high contrast for thumbnails
New Dads,Sentimental,My Favorite Human,retro serif,black/white + 1 accent,center text,Keep high contrast for thumbnails
New Dads,Sentimental,Always in My Heart,retro serif,black/white + 1 accent,center text,Keep high contrast for thumbnails
New Dads,Minimalist,Mama Era,bold sans,black/white + 1 accent,center text,Keep high contrast for thumbnails
New Dads,Minimalist,Dad Mode,bold sans,black/white + 1 accent,center text,Keep high contrast for thumbnails
New Dads,Minimalist,Nurse Life,bold sans,black/white + 1 accent,center text,Keep high contrast for thumbnails
New Dads,Minimalist,Teacher Vibes,bold sans,black/white + 1 accent,center text,Keep high contrast for thumbnails
New Dads,Retro,Vintage Sunset,retro serif,black/white + 1 accent,center text,Keep high contrast for thumbnails
New Dads,Retro,Retro Script,retro serif,black/white + 1 accent,center text,Keep high contrast for thumbnails
New Dads,Retro,Groovy Flowers,retro serif,black/white + 1 accent,center text,Keep high contrast for thumbnails
New Dads,Retro,Old School Badge,retro serif,black/white + 1 accent,center text,Keep high contrast for thumbnails
New Dads,Sarcastic,Barely Functioning,bold sans,black/white + 1 accent,center text,Keep high contrast for thumbnails
New Dads,Sarcastic,Running on Vibes,bold sans,black/white + 1 accent,center text,Keep high contrast for thumbnails
New Dads,Sarcastic,Not Today,bold sans,black/white + 1 accent,center text,Keep high contrast for thumbnails
New Dads,Sarcastic,Professionally Tired,bold sans,black/white + 1 accent,center text,Keep high contrast for thumbnails
New Dads,Custom Name,Custom Name Here,retro serif,black/white + 1 accent,center text,Keep high contrast for thumbnails
New Dads,Custom Name,Personalized Family Name,retro serif,black/white + 1 accent,center text,Keep high contrast for thumbnails
New Dads,Custom Name,Add Kid Names,retro serif,black/white + 1 accent,center text,Keep high contrast for thumbnails
New Dads,Custom Name,Est. Year Custom,retro serif,black/white + 1 accent,center text,Keep high contrast for thumbnails
New Dads,Photo Style,Photo Collage Layout,retro serif,black/white + 1 accent,center text,Keep high contrast for thumbnails
New Dads,Photo Style,Polaroid Frame Style,retro serif,black/white + 1 accent,center text,Keep high contrast for thumbnails
New Dads,Photo Style,Snapshot Memory,retro serif,black/white + 1 accent,center text,Keep high contrast for thumbnails
New Dads,Photo Style,Picture + Name,retro serif,black/white + 1 accent,center text,Keep high contrast for thumbnails
New Dads,Profession Pride,Proud to Teach,retro serif,black/white + 1 accent,center text,Keep high contrast for thumbnails
New Dads,Profession Pride,Nurse Strong,retro serif,black/white + 1 accent,center text,Keep high contrast for thumbnails
New Dads,Profession Pride,Built for Service,retro serif,black/white + 1 accent,center text,Keep high contrast for thumbnails
New Dads,Profession Pride,Caregiver Heart,retro serif,black/white + 1 accent,center text,Keep high contrast for thumbnails
Graduation Families,Pun,Fueled by Coffee and Chaos,retro serif,black/white + 1 accent,center text,Keep high contrast for thumbnails
Graduation Families,Pun,Paws and Effect,retro serif,black/white + 1 accent,center text,Keep high contrast for thumbnails
Graduation Families,Pun,Grade A Chaos,retro serif,black/white + 1 accent,center text,Keep high contrast for thumbnails
Graduation Families,Pun,Vitals and Vibes,retro serif,black/white + 1 accent,center text,Keep high contrast for thumbnails
Graduation Families,Sentimental,Thank You for Everything,retro serif,black/white + 1 accent,center text,Keep high contrast for thumbnails
Graduation Families,Sentimental,Loved Beyond Words,retro serif,black/white + 1 accent,center text,Keep high contrast for thumbnails
Graduation Families,Sentimental,My Favorite Human,retro serif,black/white + 1 accent,center text,Keep high contrast for thumbnails
Graduation Families,Sentimental,Always in My Heart,retro serif,black/white + 1 accent,center text,Keep high contrast for thumbnails
Graduation Families,Minimalist,Mama Era,bold sans,black/white + 1 accent,center text,Keep high contrast for thumbnails
Graduation Families,Minimalist,Dad Mode,bold sans,black/white + 1 accent,center text,Keep high contrast for thumbnails
Graduation Families,Minimalist,Nurse Life,bold sans,black/white + 1 accent,center text,Keep high contrast for thumbnails
Graduation Families,Minimalist,Teacher Vibes,bold sans,black/white + 1 accent,center text,Keep high contrast for thumbnails
Graduation Families,Retro,Vintage Sunset,retro serif,black/white + 1 accent,center text,Keep high contrast for thumbnails
Graduation Families,Retro,Retro Script,retro serif,black/white + 1 accent,center text,Keep high contrast for thumbnails
Graduation Families,Retro,Groovy Flowers,retro serif,black/white + 1 accent,center text,Keep high contrast for thumbnails
Graduation Families,Retro,Old School Badge,retro serif,black/white + 1 accent,center text,Keep high contrast for thumbnails
Graduation Families,Sarcastic,Barely Functioning,bold sans,black/white + 1 accent,center text,Keep high contrast for thumbnails
Graduation Families,Sarcastic,Running on Vibes,bold sans,black/white + 1 accent,center text,Keep high contrast for thumbnails
Graduation Families,Sarcastic,Not Today,bold sans,black/white + 1 accent,center text,Keep high contrast for thumbnails
Graduation Families,Sarcastic,Professionally Tired,bold sans,black/white + 1 accent,center text,Keep high contrast for thumbnails
Graduation Families,Custom Name,Custom Name Here,retro serif,black/white + 1 accent,center text,Keep high contrast for thumbnails
Graduation Families,Custom Name,Personalized Family Name,retro serif,black/white + 1 accent,center text,Keep high contrast for thumbnails
Graduation Families,Custom Name,Add Kid Names,retro serif,black/white + 1 accent,center text,Keep high contrast for thumbnails
Graduation Families,Custom Name,Est. Year Custom,retro serif,black/white + 1 accent,center text,Keep high contrast for thumbnails
Graduation Families,Photo Style,Photo Collage Layout,retro serif,black/white + 1 accent,center text,Keep high contrast for thumbnails
Graduation Families,Photo Style,Polaroid Frame Style,retro serif,black/white + 1 accent,center text,Keep high contrast for thumbnails
Graduation Families,Photo Style,Snapshot Memory,retro serif,black/white + 1 accent,center text,Keep high contrast for thumbnails
Graduation Families,Photo Style,Picture + Name,retro serif,black/white + 1 accent,center text,Keep high contrast for thumbnails
Graduation Families,Profession Pride,Proud to Teach,retro serif,black/white + 1 accent,center text,Keep high contrast for thumbnails
Graduation Families,Profession Pride,Nurse Strong,retro serif,black/white + 1 accent,center text,Keep high contrast for thumbnails
Graduation Families,Profession Pride,Built for Service,retro serif,black/white + 1 accent,center text,Keep high contrast for thumbnails
Graduation Families,Profession Pride,Caregiver Heart,retro serif,black/white + 1 accent,center text,Keep high contrast for thumbnails
Grandmas/Nanas,Pun,Fueled by Coffee and Chaos,retro serif,black/white + 1 accent,center text,Keep high contrast for thumbnails
Grandmas/Nanas,Pun,Paws and Effect,retro serif,black/white + 1 accent,center text,Keep high contrast for thumbnails
Grandmas/Nanas,Pun,Grade A Chaos,retro serif,black/white + 1 accent,center text,Keep high contrast for thumbnails
Grandmas/Nanas,Pun,Vitals and Vibes,retro serif,black/white + 1 accent,center text,Keep high contrast for thumbnails
Grandmas/Nanas,Sentimental,Thank You for Everything,retro serif,black/white + 1 accent,center text,Keep high contrast for thumbnails
Grandmas/Nanas,Sentimental,Loved Beyond Words,retro serif,black/white + 1 accent,center text,Keep high contrast for thumbnails
Grandmas/Nanas,Sentimental,My Favorite Human,retro serif,black/white + 1 accent,center text,Keep high contrast for thumbnails
Grandmas/Nanas,Sentimental,Always in My Heart,retro serif,black/white + 1 accent,center text,Keep high contrast for thumbnails
Grandmas/Nanas,Minimalist,Mama Era,bold sans,black/white + 1 accent,center text,Keep high contrast for thumbnails
Grandmas/Nanas,Minimalist,Dad Mode,bold sans,black/white + 1 accent,center text,Keep high contrast for thumbnails
Grandmas/Nanas,Minimalist,Nurse Life,bold sans,black/white + 1 accent,center text,Keep high contrast for thumbnails
Grandmas/Nanas,Minimalist,Teacher Vibes,bold sans,black/white + 1 accent,center text,Keep high contrast for thumbnails
Grandmas/Nanas,Retro,Vintage Sunset,retro serif,black/white + 1 accent,center text,Keep high contrast for thumbnails
Grandmas/Nanas,Retro,Retro Script,retro serif,black/white + 1 accent,center text,Keep high contrast for thumbnails
Grandmas/Nanas,Retro,Groovy Flowers,retro serif,black/white + 1 accent,center text,Keep high contrast for thumbnails
Grandmas/Nanas,Retro,Old School Badge,retro serif,black/white + 1 accent,center text,Keep high contrast for thumbnails
Grandmas/Nanas,Sarcastic,Barely Functioning,bold sans,black/white + 1 accent,center text,Keep high contrast for thumbnails
Grandmas/Nanas,Sarcastic,Running on Vibes,bold sans,black/white + 1 accent,center text,Keep high contrast for thumbnails
Grandmas/Nanas,Sarcastic,Not Today,bold sans,black/white + 1 accent,center text,Keep high contrast for thumbnails
Grandmas/Nanas,Sarcastic,Professionally Tired,bold sans,black/white + 1 accent,center text,Keep high contrast for thumbnails
Grandmas/Nanas,Custom Name,Custom Name Here,retro serif,black/white + 1 accent,center text,Keep high contrast for thumbnails
Grandmas/Nanas,Custom Name,Personalized Family Name,retro serif,black/white + 1 accent,center text,Keep high contrast for thumbnails
Grandmas/Nanas,Custom Name,Add Kid Names,retro serif,black/white + 1 accent,center text,Keep high contrast for thumbnails
Grandmas/Nanas,Custom Name,Est. Year Custom,retro serif,black/white + 1 accent,center text,Keep high contrast for thumbnails
Grandmas/Nanas,Photo Style,Photo Collage Layout,retro serif,black/white + 1 accent,center text,Keep high contrast for thumbnails
Grandmas/Nanas,Photo Style,Polaroid Frame Style,retro serif,black/white + 1 accent,center text,Keep high contrast for thumbnails
Grandmas/Nanas,Photo Style,Snapshot Memory,retro serif,black/white + 1 accent,center text,Keep high contrast for thumbnails
Grandmas/Nanas,Photo Style,Picture + Name,retro serif,black/white + 1 accent,center text,Keep high contrast for thumbnails
Grandmas/Nanas,Profession Pride,Proud to Teach,retro serif,black/white + 1 accent,center text,Keep high contrast for thumbnails
Grandmas/Nanas,Profession Pride,Nurse Strong,retro serif,black/white + 1 accent,center text,Keep high contrast for thumbnails
Grandmas/Nanas,Profession Pride,Built for Service,retro serif,black/white + 1 accent,center text,Keep high contrast for thumbnails
Grandmas/Nanas,Profession Pride,Caregiver Heart,retro serif,black/white + 1 accent,center text,Keep high contrast for thumbnails
Coffee Lovers,Pun,Fueled by Coffee and Chaos,retro serif,black/white + 1 accent,center text,Keep high contrast for thumbnails
Coffee Lovers,Pun,Paws and Effect,retro serif,black/white + 1 accent,center text,Keep high contrast for thumbnails
Coffee Lovers,Pun,Grade A Chaos,retro serif,black/white + 1 accent,center text,Keep high contrast for thumbnails
Coffee Lovers,Pun,Vitals and Vibes,retro serif,black/white + 1 accent,center text,Keep high contrast for thumbnails
Coffee Lovers,Sentimental,Thank You for Everything,retro serif,black/white + 1 accent,center text,Keep high contrast for thumbnails
Coffee Lovers,Sentimental,Loved Beyond Words,retro serif,black/white + 1 accent,center text,Keep high contrast for thumbnails
Coffee Lovers,Sentimental,My Favorite Human,retro serif,black/white + 1 accent,center text,Keep high contrast for thumbnails
Coffee Lovers,Sentimental,Always in My Heart,retro serif,black/white + 1 accent,center text,Keep high contrast for thumbnails
Coffee Lovers,Minimalist,Mama Era,bold sans,black/white + 1 accent,center text,Keep high contrast for thumbnails
Coffee Lovers,Minimalist,Dad Mode,bold sans,black/white + 1 accent,center text,Keep high contrast for thumbnails
Coffee Lovers,Minimalist,Nurse Life,bold sans,black/white + 1 accent,center text,Keep high contrast for thumbnails
Coffee Lovers,Minimalist,Teacher Vibes,bold sans,black/white + 1 accent,center text,Keep high contrast for thumbnails
Coffee Lovers,Retro,Vintage Sunset,retro serif,black/white + 1 accent,center text,Keep high contrast for thumbnails
Coffee Lovers,Retro,Retro Script,retro serif,black/white + 1 accent,center text,Keep high contrast for thumbnails
Coffee Lovers,Retro,Groovy Flowers,retro serif,black/white + 1 accent,center text,Keep high contrast for thumbnails
Coffee Lovers,Retro,Old School Badge,retro serif,black/white + 1 accent,center text,Keep high contrast for thumbnails
Coffee Lovers,Sarcastic,Barely Functioning,bold sans,black/white + 1 accent,center text,Keep high contrast for thumbnails
Coffee Lovers,Sarcastic,Running on Vibes,bold sans,black/white + 1 accent,center text,Keep high contrast for thumbnails
Coffee Lovers,Sarcastic,Not Today,bold sans,black/white + 1 accent,center text,Keep high contrast for thumbnails
Coffee Lovers,Sarcastic,Professionally Tired,bold sans,black/white + 1 accent,center text,Keep high contrast for thumbnails
Coffee Lovers,Custom Name,Custom Name Here,retro serif,black/white + 1 accent,center text,Keep high contrast for thumbnails
Coffee Lovers,Custom Name,Personalized Family Name,retro serif,black/white + 1 accent,center text,Keep high contrast for thumbnails
Coffee Lovers,Custom Name,Add Kid Names,retro serif,black/white + 1 accent,center text,Keep high contrast for thumbnails
Coffee Lovers,Custom Name,Est. Year Custom,retro serif,black/white + 1 accent,center text,Keep high contrast for thumbnails
Coffee Lovers,Photo Style,Photo Collage Layout,retro serif,black/white + 1 accent,center text,Keep high contrast for thumbnails
Coffee Lovers,Photo Style,Polaroid Frame Style,retro serif,black/white + 1 accent,center text,Keep high contrast for thumbnails
Coffee Lovers,Photo Style,Snapshot Memory,retro serif,black/white + 1 accent,center text,Keep high contrast for thumbnails
Coffee Lovers,Photo Style,Picture + Name,retro serif,black/white + 1 accent,center text,Keep high contrast for thumbnails
Coffee Lovers,Profession Pride,Proud to Teach,retro serif,black/white + 1 accent,center text,Keep high contrast for thumbnails
Coffee Lovers,Profession Pride,Nurse Strong,retro serif,black/white + 1 accent,center text,Keep high contrast for thumbnails
Coffee Lovers,Profession Pride,Built for Service,retro serif,black/white + 1 accent,center text,Keep high contrast for thumbnails
Coffee Lovers,Profession Pride,Caregiver Heart,retro serif,black/white + 1 accent,center text,Keep high contrast for thumbnails
Christian Moms,Pun,Fueled by Coffee and Chaos,retro serif,black/white + 1 accent,center text,Keep high contrast for thumbnails
Christian Moms,Pun,Paws and Effect,retro serif,black/white + 1 accent,center text,Keep high contrast for thumbnails
Christian Moms,Pun,Grade A Chaos,retro serif,black/white + 1 accent,center text,Keep high contrast for thumbnails
Christian Moms,Pun,Vitals and Vibes,retro serif,black/white + 1 accent,center text,Keep high contrast for thumbnails
Christian Moms,Sentimental,Thank You for Everything,retro serif,black/white + 1 accent,center text,Keep high contrast for thumbnails
Christian Moms,Sentimental,Loved Beyond Words,retro serif,black/white + 1 accent,center text,Keep high contrast for thumbnails
Christian Moms,Sentimental,My Favorite Human,retro serif,black/white + 1 accent,center text,Keep high contrast for thumbnails
Christian Moms,Sentimental,Always in My Heart,retro serif,black/white + 1 accent,center text,Keep high contrast for thumbnails
Christian Moms,Minimalist,Mama Era,bold sans,black/white + 1 accent,center text,Keep high contrast for thumbnails
Christian Moms,Minimalist,Dad Mode,bold sans,black/white + 1 accent,center text,Keep high contrast for thumbnails
Christian Moms,Minimalist,Nurse Life,bold sans,black/white + 1 accent,center text,Keep high contrast for thumbnails
Christian Moms,Minimalist,Teacher Vibes,bold sans,black/white + 1 accent,center text,Keep high contrast for thumbnails
Christian Moms,Retro,Vintage Sunset,retro serif,black/white + 1 accent,center text,Keep high contrast for thumbnails
Christian Moms,Retro,Retro Script,retro serif,black/white + 1 accent,center text,Keep high contrast for thumbnails
Christian Moms,Retro,Groovy Flowers,retro serif,black/white + 1 accent,center text,Keep high contrast for thumbnails
Christian Moms,Retro,Old School Badge,retro serif,black/white + 1 accent,center text,Keep high contrast for thumbnails
Christian Moms,Sarcastic,Barely Functioning,bold sans,black/white + 1 accent,center text,Keep high contrast for thumbnails
Christian Moms,Sarcastic,Running on Vibes,bold sans,black/white + 1 accent,center text,Keep high contrast for thumbnails
Christian Moms,Sarcastic,Not Today,bold sans,black/white + 1 accent,center text,Keep high contrast for thumbnails
Christian Moms,Sarcastic,Professionally Tired,bold sans,black/white + 1 accent,center text,Keep high contrast for thumbnails
Christian Moms,Custom Name,Custom Name Here,retro serif,black/white + 1 accent,center text,Keep high contrast for thumbnails
Christian Moms,Custom Name,Personalized Family Name,retro serif,black/white + 1 accent,center text,Keep high contrast for thumbnails
Christian Moms,Custom Name,Add Kid Names,retro serif,black/white + 1 accent,center text,Keep high contrast for thumbnails
Christian Moms,Custom Name,Est. Year Custom,retro serif,black/white + 1 accent,center text,Keep high contrast for thumbnails
Christian Moms,Photo Style,Photo Collage Layout,retro serif,black/white + 1 accent,center text,Keep high contrast for thumbnails
Christian Moms,Photo Style,Polaroid Frame Style,retro serif,black/white + 1 accent,center text,Keep high contrast for thumbnails
Christian Moms,Photo Style,Snapshot Memory,retro serif,black/white + 1 accent,center text,Keep high contrast for thumbnails
Christian Moms,Photo Style,Picture + Name,retro serif,black/white + 1 accent,center text,Keep high contrast for thumbnails
Christian Moms,Profession Pride,Proud to Teach,retro serif,black/white + 1 accent,center text,Keep high contrast for thumbnails
Christian Moms,Profession Pride,Nurse Strong,retro serif,black/white + 1 accent,center text,Keep high contrast for thumbnails
Christian Moms,Profession Pride,Built for Service,retro serif,black/white + 1 accent,center text,Keep high contrast for thumbnails
Christian Moms,Profession Pride,Caregiver Heart,retro serif,black/white + 1 accent,center text,Keep high contrast for thumbnails
Plant Lovers,Pun,Fueled by Coffee and Chaos,retro serif,black/white + 1 accent,center text,Keep high contrast for thumbnails
Plant Lovers,Pun,Paws and Effect,retro serif,black/white + 1 accent,center text,Keep high contrast for thumbnails
Plant Lovers,Pun,Grade A Chaos,retro serif,black/white + 1 accent,center text,Keep high contrast for thumbnails
Plant Lovers,Pun,Vitals and Vibes,retro serif,black/white + 1 accent,center text,Keep high contrast for thumbnails
Plant Lovers,Sentimental,Thank You for Everything,retro serif,black/white + 1 accent,center text,Keep high contrast for thumbnails
Plant Lovers,Sentimental,Loved Beyond Words,retro serif,black/white + 1 accent,center text,Keep high contrast for thumbnails
Plant Lovers,Sentimental,My Favorite Human,retro serif,black/white + 1 accent,center text,Keep high contrast for thumbnails
Plant Lovers,Sentimental,Always in My Heart,retro serif,black/white + 1 accent,center text,Keep high contrast for thumbnails
Plant Lovers,Minimalist,Mama Era,bold sans,black/white + 1 accent,center text,Keep high contrast for thumbnails
Plant Lovers,Minimalist,Dad Mode,bold sans,black/white + 1 accent,center text,Keep high contrast for thumbnails
Plant Lovers,Minimalist,Nurse Life,bold sans,black/white + 1 accent,center text,Keep high contrast for thumbnails
Plant Lovers,Minimalist,Teacher Vibes,bold sans,black/white + 1 accent,center text,Keep high contrast for thumbnails
Plant Lovers,Retro,Vintage Sunset,retro serif,black/white + 1 accent,center text,Keep high contrast for thumbnails
Plant Lovers,Retro,Retro Script,retro serif,black/white + 1 accent,center text,Keep high contrast for thumbnails
Plant Lovers,Retro,Groovy Flowers,retro serif,black/white + 1 accent,center text,Keep high contrast for thumbnails
Plant Lovers,Retro,Old School Badge,retro serif,black/white + 1 accent,center text,Keep high contrast for thumbnails
Plant Lovers,Sarcastic,Barely Functioning,bold sans,black/white + 1 accent,center text,Keep high contrast for thumbnails
Plant Lovers,Sarcastic,Running on Vibes,bold sans,black/white + 1 accent,center text,Keep high contrast for thumbnails
Plant Lovers,Sarcastic,Not Today,bold sans,black/white + 1 accent,center text,Keep high contrast for thumbnails
Plant Lovers,Sarcastic,Professionally Tired,bold sans,black/white + 1 accent,center text,Keep high contrast for thumbnails
Plant Lovers,Custom Name,Custom Name Here,retro serif,black/white + 1 accent,center text,Keep high contrast for thumbnails
Plant Lovers,Custom Name,Personalized Family Name,retro serif,black/white + 1 accent,center text,Keep high contrast for thumbnails
Plant Lovers,Custom Name,Add Kid Names,retro serif,black/white + 1 accent,center text,Keep high contrast for thumbnails
Plant Lovers,Custom Name,Est. Year Custom,retro serif,black/white + 1 accent,center text,Keep high contrast for thumbnails
Plant Lovers,Photo Style,Photo Collage Layout,retro serif,black/white + 1 accent,center text,Keep high contrast for thumbnails
Plant Lovers,Photo Style,Polaroid Frame Style,retro serif,black/white + 1 accent,center text,Keep high contrast for thumbnails
Plant Lovers,Photo Style,Snapshot Memory,retro serif,black/white + 1 accent,center text,Keep high contrast for thumbnails
Plant Lovers,Photo Style,Picture + Name,retro serif,black/white + 1 accent,center text,Keep high contrast for thumbnails
Plant Lovers,Profession Pride,Proud to Teach,retro serif,black/white + 1 accent,center text,Keep high contrast for thumbnails
Plant Lovers,Profession Pride,Nurse Strong,retro serif,black/white + 1 accent,center text,Keep high contrast for thumbnails
Plant Lovers,Profession Pride,Built for Service,retro serif,black/white + 1 accent,center text,Keep high contrast for thumbnails
Plant Lovers,Profession Pride,Caregiver Heart,retro serif,black/white + 1 accent,center text,Keep high contrast for thumbnails
Fitness Moms,Pun,Fueled by Coffee and Chaos,retro serif,black/white + 1 accent,center text,Keep high contrast for thumbnails
Fitness Moms,Pun,Paws and Effect,retro serif,black/white + 1 accent,center text,Keep high contrast for thumbnails
Fitness Moms,Pun,Grade A Chaos,retro serif,black/white + 1 accent,center text,Keep high contrast for thumbnails
Fitness Moms,Pun,Vitals and Vibes,retro serif,black/white + 1 accent,center text,Keep high contrast for thumbnails
Fitness Moms,Sentimental,Thank You for Everything,retro serif,black/white + 1 accent,center text,Keep high contrast for thumbnails
Fitness Moms,Sentimental,Loved Beyond Words,retro serif,black/white + 1 accent,center text,Keep high contrast for thumbnails
Fitness Moms,Sentimental,My Favorite Human,retro serif,black/white + 1 accent,center text,Keep high contrast for thumbnails
Fitness Moms,Sentimental,Always in My Heart,retro serif,black/white + 1 accent,center text,Keep high contrast for thumbnails
Fitness Moms,Minimalist,Mama Era,bold sans,black/white + 1 accent,center text,Keep high contrast for thumbnails
Fitness Moms,Minimalist,Dad Mode,bold sans,black/white + 1 accent,center text,Keep high contrast for thumbnails
Fitness Moms,Minimalist,Nurse Life,bold sans,black/white + 1 accent,center text,Keep high contrast for thumbnails
Fitness Moms,Minimalist,Teacher Vibes,bold sans,black/white + 1 accent,center text,Keep high contrast for thumbnails
Fitness Moms,Retro,Vintage Sunset,retro serif,black/white + 1 accent,center text,Keep high contrast for thumbnails
Fitness Moms,Retro,Retro Script,retro serif,black/white + 1 accent,center text,Keep high contrast for thumbnails
Fitness Moms,Retro,Groovy Flowers,retro serif,black/white + 1 accent,center text,Keep high contrast for thumbnails
Fitness Moms,Retro,Old School Badge,retro serif,black/white + 1 accent,center text,Keep high contrast for thumbnails
Fitness Moms,Sarcastic,Barely Functioning,bold sans,black/white + 1 accent,center text,Keep high contrast for thumbnails
Fitness Moms,Sarcastic,Running on Vibes,bold sans,black/white + 1 accent,center text,Keep high contrast for thumbnails
Fitness Moms,Sarcastic,Not Today,bold sans,black/white + 1 accent,center text,Keep high contrast for thumbnails
Fitness Moms,Sarcastic,Professionally Tired,bold sans,black/white + 1 accent,center text,Keep high contrast for thumbnails
Fitness Moms,Custom Name,Custom Name Here,retro serif,black/white + 1 accent,center text,Keep high contrast for thumbnails
Fitness Moms,Custom Name,Personalized Family Name,retro serif,black/white + 1 accent,center text,Keep high contrast for thumbnails
Fitness Moms,Custom Name,Add Kid Names,retro serif,black/white + 1 accent,center text,Keep high contrast for thumbnails
Fitness Moms,Custom Name,Est. Year Custom,retro serif,black/white + 1 accent,center text,Keep high contrast for thumbnails
Fitness Moms,Photo Style,Photo Collage Layout,retro serif,black/white + 1 accent,center text,Keep high contrast for thumbnails
Fitness Moms,Photo Style,Polaroid Frame Style,retro serif,black/white + 1 accent,center text,Keep high contrast for thumbnails
Fitness Moms,Photo Style,Snapshot Memory,retro serif,black/white + 1 accent,center text,Keep high contrast for thumbnails
Fitness Moms,Photo Style,Picture + Name,retro serif,black/white + 1 accent,center text,Keep high contrast for thumbnails
Fitness Moms,Profession Pride,Proud to Teach,retro serif,black/white + 1 accent,center text,Keep high contrast for thumbnails
Fitness Moms,Profession Pride,Nurse Strong,retro serif,black/white + 1 accent,center text,Keep high contrast for thumbnails
Fitness Moms,Profession Pride,Built for Service,retro serif,black/white + 1 accent,center text,Keep high contrast for thumbnails
Fitness Moms,Profession Pride,Caregiver Heart,retro serif,black/white + 1 accent,center text,Keep high contrast for thumbnails
Therapists,Pun,Fueled by Coffee and Chaos,retro serif,black/white + 1 accent,center text,Keep high contrast for thumbnails
Therapists,Pun,Paws and Effect,retro serif,black/white + 1 accent,center text,Keep high contrast for thumbnails
Therapists,Pun,Grade A Chaos,retro serif,black/white + 1 accent,center text,Keep high contrast for thumbnails
Therapists,Pun,Vitals and Vibes,retro serif,black/white + 1 accent,center text,Keep high contrast for thumbnails
Therapists,Sentimental,Thank You for Everything,retro serif,black/white + 1 accent,center text,Keep high contrast for thumbnails
Therapists,Sentimental,Loved Beyond Words,retro serif,black/white + 1 accent,center text,Keep high contrast for thumbnails
Therapists,Sentimental,My Favorite Human,retro serif,black/white + 1 accent,center text,Keep high contrast for thumbnails
Therapists,Sentimental,Always in My Heart,retro serif,black/white + 1 accent,center text,Keep high contrast for thumbnails
Therapists,Minimalist,Mama Era,bold sans,black/white + 1 accent,center text,Keep high contrast for thumbnails
Therapists,Minimalist,Dad Mode,bold sans,black/white + 1 accent,center text,Keep high contrast for thumbnails
Therapists,Minimalist,Nurse Life,bold sans,black/white + 1 accent,center text,Keep high contrast for thumbnails
Therapists,Minimalist,Teacher Vibes,bold sans,black/white + 1 accent,center text,Keep high contrast for thumbnails
Therapists,Retro,Vintage Sunset,retro serif,black/white + 1 accent,center text,Keep high contrast for thumbnails
Therapists,Retro,Retro Script,retro serif,black/white + 1 accent,center text,Keep high contrast for thumbnails
Therapists,Retro,Groovy Flowers,retro serif,black/white + 1 accent,center text,Keep high contrast for thumbnails
Therapists,Retro,Old School Badge,retro serif,black/white + 1 accent,center text,Keep high contrast for thumbnails
Therapists,Sarcastic,Barely Functioning,bold sans,black/white + 1 accent,center text,Keep high contrast for thumbnails
Therapists,Sarcastic,Running on Vibes,bold sans,black/white + 1 accent,center text,Keep high contrast for thumbnails
Therapists,Sarcastic,Not Today,bold sans,black/white + 1 accent,center text,Keep high contrast for thumbnails
Therapists,Sarcastic,Professionally Tired,bold sans,black/white + 1 accent,center text,Keep high contrast for thumbnails
Therapists,Custom Name,Custom Name Here,retro serif,black/white + 1 accent,center text,Keep high contrast for thumbnails
Therapists,Custom Name,Personalized Family Name,retro serif,black/white + 1 accent,center text,Keep high contrast for thumbnails
Therapists,Custom Name,Add Kid Names,retro serif,black/white + 1 accent,center text,Keep high contrast for thumbnails
Therapists,Custom Name,Est. Year Custom,retro serif,black/white + 1 accent,center text,Keep high contrast for thumbnails
Therapists,Photo Style,Photo Collage Layout,retro serif,black/white + 1 accent,center text,Keep high contrast for thumbnails
Therapists,Photo Style,Polaroid Frame Style,retro serif,black/white + 1 accent,center text,Keep high contrast for thumbnails
Therapists,Photo Style,Snapshot Memory,retro serif,black/white + 1 accent,center text,Keep high contrast for thumbnails
Therapists,Photo Style,Picture + Name,retro serif,black/white + 1 accent,center text,Keep high contrast for thumbnails
Therapists,Profession Pride,Proud to Teach,retro serif,black/white + 1 accent,center text,Keep high contrast for thumbnails
Therapists,Profession Pride,Nurse Strong,retro serif,black/white + 1 accent,center text,Keep high contrast for thumbnails
Therapists,Profession Pride,Built for Service,retro serif,black/white + 1 accent,center text,Keep high contrast for thumbnails
Therapists,Profession Pride,Caregiver Heart,retro serif,black/white + 1 accent,center text,Keep high contrast for thumbnails
Real Estate Agents,Pun,Fueled by Coffee and Chaos,retro serif,black/white + 1 accent,center text,Keep high contrast for thumbnails
Real Estate Agents,Pun,Paws and Effect,retro serif,black/white + 1 accent,center text,Keep high contrast for thumbnails
Real Estate Agents,Pun,Grade A Chaos,retro serif,black/white + 1 accent,center text,Keep high contrast for thumbnails
Real Estate Agents,Pun,Vitals and Vibes,retro serif,black/white + 1 accent,center text,Keep high contrast for thumbnails
Real Estate Agents,Sentimental,Thank You for Everything,retro serif,black/white + 1 accent,center text,Keep high contrast for thumbnails
Real Estate Agents,Sentimental,Loved Beyond Words,retro serif,black/white + 1 accent,center text,Keep high contrast for thumbnails
Real Estate Agents,Sentimental,My Favorite Human,retro serif,black/white + 1 accent,center text,Keep high contrast for thumbnails
Real Estate Agents,Sentimental,Always in My Heart,retro serif,black/white + 1 accent,center text,Keep high contrast for thumbnails
Real Estate Agents,Minimalist,Mama Era,bold sans,black/white + 1 accent,center text,Keep high contrast for thumbnails
Real Estate Agents,Minimalist,Dad Mode,bold sans,black/white + 1 accent,center text,Keep high contrast for thumbnails
Real Estate Agents,Minimalist,Nurse Life,bold sans,black/white + 1 accent,center text,Keep high contrast for thumbnails
Real Estate Agents,Minimalist,Teacher Vibes,bold sans,black/white + 1 accent,center text,Keep high contrast for thumbnails
Real Estate Agents,Retro,Vintage Sunset,retro serif,black/white + 1 accent,center text,Keep high contrast for thumbnails
Real Estate Agents,Retro,Retro Script,retro serif,black/white + 1 accent,center text,Keep high contrast for thumbnails
Real Estate Agents,Retro,Groovy Flowers,retro serif,black/white + 1 accent,center text,Keep high contrast for thumbnails
Real Estate Agents,Retro,Old School Badge,retro serif,black/white + 1 accent,center text,Keep high contrast for thumbnails
Real Estate Agents,Sarcastic,Barely Functioning,bold sans,black/white + 1 accent,center text,Keep high contrast for thumbnails
Real Estate Agents,Sarcastic,Running on Vibes,bold sans,black/white + 1 accent,center text,Keep high contrast for thumbnails
Real Estate Agents,Sarcastic,Not Today,bold sans,black/white + 1 accent,center text,Keep high contrast for thumbnails
Real Estate Agents,Sarcastic,Professionally Tired,bold sans,black/white + 1 accent,center text,Keep high contrast for thumbnails
Real Estate Agents,Custom Name,Custom Name Here,retro serif,black/white + 1 accent,center text,Keep high contrast for thumbnails
Real Estate Agents,Custom Name,Personalized Family Name,retro serif,black/white + 1 accent,center text,Keep high contrast for thumbnails
Real Estate Agents,Custom Name,Add Kid Names,retro serif,black/white + 1 accent,center text,Keep high contrast for thumbnails
Real Estate Agents,Custom Name,Est. Year Custom,retro serif,black/white + 1 accent,center text,Keep high contrast for thumbnails
Real Estate Agents,Photo Style,Photo Collage Layout,retro serif,black/white + 1 accent,center text,Keep high contrast for thumbnails
Real Estate Agents,Photo Style,Polaroid Frame Style,retro serif,black/white + 1 accent,center text,Keep high contrast for thumbnails
Real Estate Agents,Photo Style,Snapshot Memory,retro serif,black/white + 1 accent,center text,Keep high contrast for thumbnails
Real Estate Agents,Photo Style,Picture + Name,retro serif,black/white + 1 accent,center text,Keep high contrast for thumbnails
Real Estate Agents,Profession Pride,Proud to Teach,retro serif,black/white + 1 accent,center text,Keep high contrast for thumbnails
Real Estate Agents,Profession Pride,Nurse Strong,retro serif,black/white + 1 accent,center text,Keep high contrast for thumbnails
Real Estate Agents,Profession Pride,Built for Service,retro serif,black/white + 1 accent,center text,Keep high contrast for thumbnails
Real Estate Agents,Profession Pride,Caregiver Heart,retro serif,black/white + 1 accent,center text,Keep high contrast for thumbnails
Dental Hygienists,Pun,Fueled by Coffee and Chaos,retro serif,black/white + 1 accent,center text,Keep high contrast for thumbnails
Dental Hygienists,Pun,Paws and Effect,retro serif,black/white + 1 accent,center text,Keep high contrast for thumbnails
Dental Hygienists,Pun,Grade A Chaos,retro serif,black/white + 1 accent,center text,Keep high contrast for thumbnails
Dental Hygienists,Pun,Vitals and Vibes,retro serif,black/white + 1 accent,center text,Keep high contrast for thumbnails
Dental Hygienists,Sentimental,Thank You for Everything,retro serif,black/white + 1 accent,center text,Keep high contrast for thumbnails
Dental Hygienists,Sentimental,Loved Beyond Words,retro serif,black/white + 1 accent,center text,Keep high contrast for thumbnails
Dental Hygienists,Sentimental,My Favorite Human,retro serif,black/white + 1 accent,center text,Keep high contrast for thumbnails
Dental Hygienists,Sentimental,Always in My Heart,retro serif,black/white + 1 accent,center text,Keep high contrast for thumbnails
Dental Hygienists,Minimalist,Mama Era,bold sans,black/white + 1 accent,center text,Keep high contrast for thumbnails
Dental Hygienists,Minimalist,Dad Mode,bold sans,black/white + 1 accent,center text,Keep high contrast for thumbnails
Dental Hygienists,Minimalist,Nurse Life,bold sans,black/white + 1 accent,center text,Keep high contrast for thumbnails
Dental Hygienists,Minimalist,Teacher Vibes,bold sans,black/white + 1 accent,center text,Keep high contrast for thumbnails
Dental Hygienists,Retro,Vintage Sunset,retro serif,black/white + 1 accent,center text,Keep high contrast for thumbnails
Dental Hygienists,Retro,Retro Script,retro serif,black/white + 1 accent,center text,Keep high contrast for thumbnails
Dental Hygienists,Retro,Groovy Flowers,retro serif,black/white + 1 accent,center text,Keep high contrast for thumbnails
Dental Hygienists,Retro,Old School Badge,retro serif,black/white + 1 accent,center text,Keep high contrast for thumbnails
Dental Hygienists,Sarcastic,Barely Functioning,bold sans,black/white + 1 accent,center text,Keep high contrast for thumbnails
Dental Hygienists,Sarcastic,Running on Vibes,bold sans,black/white + 1 accent,center text,Keep high contrast for thumbnails
Dental Hygienists,Sarcastic,Not Today,bold sans,black/white + 1 accent,center text,Keep high contrast for thumbnails
Dental Hygienists,Sarcastic,Professionally Tired,bold sans,black/white + 1 accent,center text,Keep high contrast for thumbnails
Dental Hygienists,Custom Name,Custom Name Here,retro serif,black/white + 1 accent,center text,Keep high contrast for thumbnails
Dental Hygienists,Custom Name,Personalized Family Name,retro serif,black/white + 1 accent,center text,Keep high contrast for thumbnails
Dental Hygienists,Custom Name,Add Kid Names,retro serif,black/white + 1 accent,center text,Keep high contrast for thumbnails
Dental Hygienists,Custom Name,Est. Year Custom,retro serif,black/white + 1 accent,center text,Keep high contrast for thumbnails
Dental Hygienists,Photo Style,Photo Collage Layout,retro serif,black/white + 1 accent,center text,Keep high contrast for thumbnails
Dental Hygienists,Photo Style,Polaroid Frame Style,retro serif,black/white + 1 accent,center text,Keep high contrast for thumbnails
Dental Hygienists,Photo Style,Snapshot Memory,retro serif,black/white + 1 accent,center text,Keep high contrast for thumbnails
Dental Hygienists,Photo Style,Picture + Name,retro serif,black/white + 1 accent,center text,Keep high contrast for thumbnails
Dental Hygienists,Profession Pride,Proud to Teach,retro serif,black/white + 1 accent,center text,Keep high contrast for thumbnails
Dental Hygienists,Profession Pride,Nurse Strong,retro serif,black/white + 1 accent,center text,Keep high contrast for thumbnails
Dental Hygienists,Profession Pride,Built for Service,retro serif,black/white + 1 accent,center text,Keep high contrast for thumbnails
Dental Hygienists,Profession Pride,Caregiver Heart,retro serif,black/white + 1 accent,center text,Keep high contrast for thumbnails
Moms of 2+,Pun,Fueled by Coffee and Chaos,retro serif,black/white + 1 accent,center text,Keep high contrast for thumbnails
Moms of 2+,Pun,Paws and Effect,retro serif,black/white + 1 accent,center text,Keep high contrast for thumbnails
Moms of 2+,Pun,Grade A Chaos,retro serif,black/white + 1 accent,center text,Keep high contrast for thumbnails
Moms of 2+,Pun,Vitals and Vibes,retro serif,black/white + 1 accent,center text,Keep high contrast for thumbnails
Moms of 2+,Sentimental,Thank You for Everything,retro serif,black/white + 1 accent,center text,Keep high contrast for thumbnails
Moms of 2+,Sentimental,Loved Beyond Words,retro serif,black/white + 1 accent,center text,Keep high contrast for thumbnails
Moms of 2+,Sentimental,My Favorite Human,retro serif,black/white + 1 accent,center text,Keep high contrast for thumbnails
Moms of 2+,Sentimental,Always in My Heart,retro serif,black/white + 1 accent,center text,Keep high contrast for thumbnails
Moms of 2+,Minimalist,Mama Era,bold sans,black/white + 1 accent,center text,Keep high contrast for thumbnails
Moms of 2+,Minimalist,Dad Mode,bold sans,black/white + 1 accent,center text,Keep high contrast for thumbnails
Moms of 2+,Minimalist,Nurse Life,bold sans,black/white + 1 accent,center text,Keep high contrast for thumbnails
Moms of 2+,Minimalist,Teacher Vibes,bold sans,black/white + 1 accent,center text,Keep high contrast for thumbnails
Moms of 2+,Retro,Vintage Sunset,retro serif,black/white + 1 accent,center text,Keep high contrast for thumbnails
Moms of 2+,Retro,Retro Script,retro serif,black/white + 1 accent,center text,Keep high contrast for thumbnails
Moms of 2+,Retro,Groovy Flowers,retro serif,black/white + 1 accent,center text,Keep high contrast for thumbnails
Moms of 2+,Retro,Old School Badge,retro serif,black/white + 1 accent,center text,Keep high contrast for thumbnails
Moms of 2+,Sarcastic,Barely Functioning,bold sans,black/white + 1 accent,center text,Keep high contrast for thumbnails
Moms of 2+,Sarcastic,Running on Vibes,bold sans,black/white + 1 accent,center text,Keep high contrast for thumbnails
Moms of 2+,Sarcastic,Not Today,bold sans,black/white + 1 accent,center text,Keep high contrast for thumbnails
Moms of 2+,Sarcastic,Professionally Tired,bold sans,black/white + 1 accent,center text,Keep high contrast for thumbnails
Moms of 2+,Custom Name,Custom Name Here,retro serif,black/white + 1 accent,center text,Keep high contrast for thumbnails
Moms of 2+,Custom Name,Personalized Family Name,retro serif,black/white + 1 accent,center text,Keep high contrast for thumbnails
Moms of 2+,Custom Name,Add Kid Names,retro serif,black/white + 1 accent,center text,Keep high contrast for thumbnails
Moms of 2+,Custom Name,Est. Year Custom,retro serif,black/white + 1 accent,center text,Keep high contrast for thumbnails
Moms of 2+,Photo Style,Photo Collage Layout,retro serif,black/white + 1 accent,center text,Keep high contrast for thumbnails
Moms of 2+,Photo Style,Polaroid Frame Style,retro serif,black/white + 1 accent,center text,Keep high contrast for thumbnails
Moms of 2+,Photo Style,Snapshot Memory,retro serif,black/white + 1 accent,center text,Keep high contrast for thumbnails
Moms of 2+,Photo Style,Picture + Name,retro serif,black/white + 1 accent,center text,Keep high contrast for thumbnails
Moms of 2+,Profession Pride,Proud to Teach,retro serif,black/white + 1 accent,center text,Keep high contrast for thumbnails
Moms of 2+,Profession Pride,Nurse Strong,retro serif,black/white + 1 accent,center text,Keep high contrast for thumbnails
Moms of 2+,Profession Pride,Built for Service,retro serif,black/white + 1 accent,center text,Keep high contrast for thumbnails
Moms of 2+,Profession Pride,Caregiver Heart,retro serif,black/white + 1 accent,center text,Keep high contrast for thumbnails
Boy Moms,Pun,Fueled by Coffee and Chaos,retro serif,black/white + 1 accent,center text,Keep high contrast for thumbnails
Boy Moms,Pun,Paws and Effect,retro serif,black/white + 1 accent,center text,Keep high contrast for thumbnails
Boy Moms,Pun,Grade A Chaos,retro serif,black/white + 1 accent,center text,Keep high contrast for thumbnails
Boy Moms,Pun,Vitals and Vibes,retro serif,black/white + 1 accent,center text,Keep high contrast for thumbnails
Boy Moms,Sentimental,Thank You for Everything,retro serif,black/white + 1 accent,center text,Keep high contrast for thumbnails
Boy Moms,Sentimental,Loved Beyond Words,retro serif,black/white + 1 accent,center text,Keep high contrast for thumbnails
Boy Moms,Sentimental,My Favorite Human,retro serif,black/white + 1 accent,center text,Keep high contrast for thumbnails
Boy Moms,Sentimental,Always in My Heart,retro serif,black/white + 1 accent,center text,Keep high contrast for thumbnails
Boy Moms,Minimalist,Mama Era,bold sans,black/white + 1 accent,center text,Keep high contrast for thumbnails
Boy Moms,Minimalist,Dad Mode,bold sans,black/white + 1 accent,center text,Keep high contrast for thumbnails
Boy Moms,Minimalist,Nurse Life,bold sans,black/white + 1 accent,center text,Keep high contrast for thumbnails
Boy Moms,Minimalist,Teacher Vibes,bold sans,black/white + 1 accent,center text,Keep high contrast for thumbnails
Boy Moms,Retro,Vintage Sunset,retro serif,black/white + 1 accent,center text,Keep high contrast for thumbnails
Boy Moms,Retro,Retro Script,retro serif,black/white + 1 accent,center text,Keep high contrast for thumbnails
Boy Moms,Retro,Groovy Flowers,retro serif,black/white + 1 accent,center text,Keep high contrast for thumbnails
Boy Moms,Retro,Old School Badge,retro serif,black/white + 1 accent,center text,Keep high contrast for thumbnails
Boy Moms,Sarcastic,Barely Functioning,bold sans,black/white + 1 accent,center text,Keep high contrast for thumbnails
Boy Moms,Sarcastic,Running on Vibes,bold sans,black/white + 1 accent,center text,Keep high contrast for thumbnails
Boy Moms,Sarcastic,Not Today,bold sans,black/white + 1 accent,center text,Keep high contrast for thumbnails
Boy Moms,Sarcastic,Professionally Tired,bold sans,black/white + 1 accent,center text,Keep high contrast for thumbnails
Boy Moms,Custom Name,Custom Name Here,retro serif,black/white + 1 accent,center text,Keep high contrast for thumbnails
Boy Moms,Custom Name,Personalized Family Name,retro serif,black/white + 1 accent,center text,Keep high contrast for thumbnails
Boy Moms,Custom Name,Add Kid Names,retro serif,black/white + 1 accent,center text,Keep high contrast for thumbnails
Boy Moms,Custom Name,Est. Year Custom,retro serif,black/white + 1 accent,center text,Keep high contrast for thumbnails
Boy Moms,Photo Style,Photo Collage Layout,retro serif,black/white + 1 accent,center text,Keep high contrast for thumbnails
Boy Moms,Photo Style,Polaroid Frame Style,retro serif,black/white + 1 accent,center text,Keep high contrast for thumbnails
Boy Moms,Photo Style,Snapshot Memory,retro serif,black/white + 1 accent,center text,Keep high contrast for thumbnails
Boy Moms,Photo Style,Picture + Name,retro serif,black/white + 1 accent,center text,Keep high contrast for thumbnails
Boy Moms,Profession Pride,Proud to Teach,retro serif,black/white + 1 accent,center text,Keep high contrast for thumbnails
Boy Moms,Profession Pride,Nurse Strong,retro serif,black/white + 1 accent,center text,Keep high contrast for thumbnails
Boy Moms,Profession Pride,Built for Service,retro serif,black/white + 1 accent,center text,Keep high contrast for thumbnails
Boy Moms,Profession Pride,Caregiver Heart,retro serif,black/white + 1 accent,center text,Keep high contrast for thumbnails
Girl Moms,Pun,Fueled by Coffee and Chaos,retro serif,black/white + 1 accent,center text,Keep high contrast for thumbnails
Girl Moms,Pun,Paws and Effect,retro serif,black/white + 1 accent,center text,Keep high contrast for thumbnails
Girl Moms,Pun,Grade A Chaos,retro serif,black/white + 1 accent,center text,Keep high contrast for thumbnails
Girl Moms,Pun,Vitals and Vibes,retro serif,black/white + 1 accent,center text,Keep high contrast for thumbnails
Girl Moms,Sentimental,Thank You for Everything,retro serif,black/white + 1 accent,center text,Keep high contrast for thumbnails
Girl Moms,Sentimental,Loved Beyond Words,retro serif,black/white + 1 accent,center text,Keep high contrast for thumbnails
Girl Moms,Sentimental,My Favorite Human,retro serif,black/white + 1 accent,center text,Keep high contrast for thumbnails
Girl Moms,Sentimental,Always in My Heart,retro serif,black/white + 1 accent,center text,Keep high contrast for thumbnails
Girl Moms,Minimalist,Mama Era,bold sans,black/white + 1 accent,center text,Keep high contrast for thumbnails
Girl Moms,Minimalist,Dad Mode,bold sans,black/white + 1 accent,center text,Keep high contrast for thumbnails
Girl Moms,Minimalist,Nurse Life,bold sans,black/white + 1 accent,center text,Keep high contrast for thumbnails
Girl Moms,Minimalist,Teacher Vibes,bold sans,black/white + 1 accent,center text,Keep high contrast for thumbnails
Girl Moms,Retro,Vintage Sunset,retro serif,black/white + 1 accent,center text,Keep high contrast for thumbnails
Girl Moms,Retro,Retro Script,retro serif,black/white + 1 accent,center text,Keep high contrast for thumbnails
Girl Moms,Retro,Groovy Flowers,retro serif,black/white + 1 accent,center text,Keep high contrast for thumbnails
Girl Moms,Retro,Old School Badge,retro serif,black/white + 1 accent,center text,Keep high contrast for thumbnails
Girl Moms,Sarcastic,Barely Functioning,bold sans,black/white + 1 accent,center text,Keep high contrast for thumbnails
Girl Moms,Sarcastic,Running on Vibes,bold sans,black/white + 1 accent,center text,Keep high contrast for thumbnails
Girl Moms,Sarcastic,Not Today,bold sans,black/white + 1 accent,center text,Keep high contrast for thumbnails
Girl Moms,Sarcastic,Professionally Tired,bold sans,black/white + 1 accent,center text,Keep high contrast for thumbnails
Girl Moms,Custom Name,Custom Name Here,retro serif,black/white + 1 accent,center text,Keep high contrast for thumbnails
Girl Moms,Custom Name,Personalized Family Name,retro serif,black/white + 1 accent,center text,Keep high contrast for thumbnails
Girl Moms,Custom Name,Add Kid Names,retro serif,black/white + 1 accent,center text,Keep high contrast for thumbnails
Girl Moms,Custom Name,Est. Year Custom,retro serif,black/white + 1 accent,center text,Keep high contrast for thumbnails
Girl Moms,Photo Style,Photo Collage Layout,retro serif,black/white + 1 accent,center text,Keep high contrast for thumbnails
Girl Moms,Photo Style,Polaroid Frame Style,retro serif,black/white + 1 accent,center text,Keep high contrast for thumbnails
Girl Moms,Photo Style,Snapshot Memory,retro serif,black/white + 1 accent,center text,Keep high contrast for thumbnails
Girl Moms,Photo Style,Picture + Name,retro serif,black/white + 1 accent,center text,Keep high contrast for thumbnails
Girl Moms,Profession Pride,Proud to Teach,retro serif,black/white + 1 accent,center text,Keep high contrast for thumbnails
Girl Moms,Profession Pride,Nurse Strong,retro serif,black/white + 1 accent,center text,Keep high contrast for thumbnails
Girl Moms,Profession Pride,Built for Service,retro serif,black/white + 1 accent,center text,Keep high contrast for thumbnails
Girl Moms,Profession Pride,Caregiver Heart,retro serif,black/white + 1 accent,center text,Keep high contrast for thumbnails
