listing_id,niche,season,product,design_text,title,tags,price_usd,est_profit_usd,launch_window_start,launch_window_end,status
L-0001,Dog Moms,Mothers Day,T-Shirt,My Dog is My Favorite Child,My Dog is My Favorite Child T-Shirt | Mothers Day Gift | Dog Moms,mothers day|dog moms|t-shirt|gift|funny gift|personalized gift|family gift|holiday gift|cute|retro|minimalist|trending|2026,24.99,4.17,2026-03-01,2026-05-10,ready
L-0002,Dog Moms,Mothers Day,T-Shirt,Dog Mom Energy,Dog Mom Energy T-Shirt | Mothers Day Gift | Dog Moms,mothers day|dog moms|t-shirt|gift|funny gift|personalized gift|family gift|holiday gift|cute|retro|minimalist|trending|2026,24.99,4.17,2026-03-01,2026-05-10,ready
L-0003,Dog Moms,Mothers Day,Mug,My Dog is My Favorite Child,My Dog is My Favorite Child Mug | Mothers Day Gift | Dog Moms,mothers day|dog moms|mug|gift|funny gift|personalized gift|family gift|holiday gift|cute|retro|minimalist|trending|2026,16.99,2.93,2026-03-01,2026-05-10,ready
L-0004,Dog Moms,Mothers Day,Mug,Dog Mom Energy,Dog Mom Energy Mug | Mothers Day Gift | Dog Moms,mothers day|dog moms|mug|gift|funny gift|personalized gift|family gift|holiday gift|cute|retro|minimalist|trending|2026,16.99,2.93,2026-03-01,2026-05-10,ready
L-0005,Dog Moms,Mothers Day,Sticker,My Dog is My Favorite Child,My Dog is My Favorite Child Sticker | Mothers Day Gift | Dog Moms,mothers day|dog moms|sticker|gift|funny gift|personalized gift|family gift|holiday gift|cute|retro|minimalist|trending|2026,5.99,1.97,2026-03-01,2026-05-10,ready
L-0006,Dog Moms,Mothers Day,Sticker,Dog Mom Energy,Dog Mom Energy Sticker | Mothers Day Gift | Dog Moms,mothers day|dog moms|sticker|gift|funny gift|personalized gift|family gift|holiday gift|cute|retro|minimalist|trending|2026,5.99,1.97,2026-03-01,2026-05-10,ready
L-0007,Dog Moms,Fathers Day,T-Shirt,My Dog is My Favorite Child,My Dog is My Favorite Child T-Shirt | Fathers Day Gift | Dog Moms,fathers day|dog moms|t-shirt|gift|funny gift|personalized gift|family gift|holiday gift|cute|retro|minimalist|trending|2026,24.99,4.17,2026-04-01,2026-06-21,ready
L-0008,Dog Moms,Fathers Day,T-Shirt,Dog Mom Energy,Dog Mom Energy T-Shirt | Fathers Day Gift | Dog Moms,fathers day|dog moms|t-shirt|gift|funny gift|personalized gift|family gift|holiday gift|cute|retro|minimalist|trending|2026,24.99,4.17,2026-04-01,2026-06-21,ready
L-0009,Dog Moms,Fathers Day,Mug,My Dog is My Favorite Child,My Dog is My Favorite Child Mug | Fathers Day Gift | Dog Moms,fathers day|dog moms|mug|gift|funny gift|personalized gift|family gift|holiday gift|cute|retro|minimalist|trending|2026,16.99,2.93,2026-04-01,2026-06-21,ready
L-0010,Dog Moms,Fathers Day,Mug,Dog Mom Energy,Dog Mom Energy Mug | Fathers Day Gift | Dog Moms,fathers day|dog moms|mug|gift|funny gift|personalized gift|family gift|holiday gift|cute|retro|minimalist|trending|2026,16.99,2.93,2026-04-01,2026-06-21,ready
L-0011,Dog Moms,Fathers Day,Sticker,My Dog is My Favorite Child,My Dog is My Favorite Child Sticker | Fathers Day Gift | Dog Moms,fathers day|dog moms|sticker|gift|funny gift|personalized gift|family gift|holiday gift|cute|retro|minimalist|trending|2026,5.99,1.97,2026-04-01,2026-06-21,ready
L-0012,Dog Moms,Fathers Day,Sticker,Dog Mom Energy,Dog Mom Energy Sticker | Fathers Day Gift | Dog Moms,fathers day|dog moms|sticker|gift|funny gift|personalized gift|family gift|holiday gift|cute|retro|minimalist|trending|2026,5.99,1.97,2026-04-01,2026-06-21,ready
L-0013,Dog Moms,Graduation,T-Shirt,My Dog is My Favorite Child,My Dog is My Favorite Child T-Shirt | Graduation Gift | Dog Moms,graduation|dog moms|t-shirt|gift|funny gift|personalized gift|family gift|holiday gift|cute|retro|minimalist|trending|2026,24.99,4.17,2026-04-15,2026-06-30,ready
L-0014,Dog Moms,Graduation,T-Shirt,Dog Mom Energy,Dog Mom Energy T-Shirt | Graduation Gift | Dog Moms,graduation|dog moms|t-shirt|gift|funny gift|personalized gift|family gift|holiday gift|cute|retro|minimalist|trending|2026,24.99,4.17,2026-04-15,2026-06-30,ready
L-0015,Dog Moms,Graduation,Mug,My Dog is My Favorite Child,My Dog is My Favorite Child Mug | Graduation Gift | Dog Moms,graduation|dog moms|mug|gift|funny gift|personalized gift|family gift|holiday gift|cute|retro|minimalist|trending|2026,16.99,2.93,2026-04-15,2026-06-30,ready
L-0016,Dog Moms,Graduation,Mug,Dog Mom Energy,Dog Mom Energy Mug | Graduation Gift | Dog Moms,graduation|dog moms|mug|gift|funny gift|personalized gift|family gift|holiday gift|cute|retro|minimalist|trending|2026,16.99,2.93,2026-04-15,2026-06-30,ready
L-0017,Dog Moms,Graduation,Sticker,My Dog is My Favorite Child,My Dog is My Favorite Child Sticker | Graduation Gift | Dog Moms,graduation|dog moms|sticker|gift|funny gift|personalized gift|family gift|holiday gift|cute|retro|minimalist|trending|2026,5.99,1.97,2026-04-15,2026-06-30,ready
L-0018,Dog Moms,Graduation,Sticker,Dog Mom Energy,Dog Mom Energy Sticker | Graduation Gift | Dog Moms,graduation|dog moms|sticker|gift|funny gift|personalized gift|family gift|holiday gift|cute|retro|minimalist|trending|2026,5.99,1.97,2026-04-15,2026-06-30,ready
L-0019,Dog Moms,Back to School,T-Shirt,My Dog is My Favorite Child,My Dog is My Favorite Child T-Shirt | Back to School Gift | Dog Moms,back to school|dog moms|t-shirt|gift|funny gift|personalized gift|family gift|holiday gift|cute|retro|minimalist|trending|2026,24.99,4.17,2026-07-01,2026-09-10,ready
L-0020,Dog Moms,Back to School,T-Shirt,Dog Mom Energy,Dog Mom Energy T-Shirt | Back to School Gift | Dog Moms,back to school|dog moms|t-shirt|gift|funny gift|personalized gift|family gift|holiday gift|cute|retro|minimalist|trending|2026,24.99,4.17,2026-07-01,2026-09-10,ready
L-0021,Dog Moms,Back to School,Mug,My Dog is My Favorite Child,My Dog is My Favorite Child Mug | Back to School Gift | Dog Moms,back to school|dog moms|mug|gift|funny gift|personalized gift|family gift|holiday gift|cute|retro|minimalist|trending|2026,16.99,2.93,2026-07-01,2026-09-10,ready
L-0022,Dog Moms,Back to School,Mug,Dog Mom Energy,Dog Mom Energy Mug | Back to School Gift | Dog Moms,back to school|dog moms|mug|gift|funny gift|personalized gift|family gift|holiday gift|cute|retro|minimalist|trending|2026,16.99,2.93,2026-07-01,2026-09-10,ready
L-0023,Dog Moms,Back to School,Sticker,My Dog is My Favorite Child,My Dog is My Favorite Child Sticker | Back to School Gift | Dog Moms,back to school|dog moms|sticker|gift|funny gift|personalized gift|family gift|holiday gift|cute|retro|minimalist|trending|2026,5.99,1.97,2026-07-01,2026-09-10,ready
L-0024,Dog Moms,Back to School,Sticker,Dog Mom Energy,Dog Mom Energy Sticker | Back to School Gift | Dog Moms,back to school|dog moms|sticker|gift|funny gift|personalized gift|family gift|holiday gift|cute|retro|minimalist|trending|2026,5.99,1.97,2026-07-01,2026-09-10,ready
L-0025,Dog Moms,Halloween,T-Shirt,My Dog is My Favorite Child,My Dog is My Favorite Child T-Shirt | Halloween Gift | Dog Moms,halloween|dog moms|t-shirt|gift|funny gift|personalized gift|family gift|holiday gift|cute|retro|minimalist|trending|2026,24.99,4.17,2026-08-15,2026-10-31,ready
L-0026,Dog Moms,Halloween,T-Shirt,Dog Mom Energy,Dog Mom Energy T-Shirt | Halloween Gift | Dog Moms,halloween|dog moms|t-shirt|gift|funny gift|personalized gift|family gift|holiday gift|cute|retro|minimalist|trending|2026,24.99,4.17,2026-08-15,2026-10-31,ready
L-0027,Dog Moms,Halloween,Mug,My Dog is My Favorite Child,My Dog is My Favorite Child Mug | Halloween Gift | Dog Moms,halloween|dog moms|mug|gift|funny gift|personalized gift|family gift|holiday gift|cute|retro|minimalist|trending|2026,16.99,2.93,2026-08-15,2026-10-31,ready
L-0028,Dog Moms,Halloween,Mug,Dog Mom Energy,Dog Mom Energy Mug | Halloween Gift | Dog Moms,halloween|dog moms|mug|gift|funny gift|personalized gift|family gift|holiday gift|cute|retro|minimalist|trending|2026,16.99,2.93,2026-08-15,2026-10-31,ready
L-0029,Dog Moms,Halloween,Sticker,My Dog is My Favorite Child,My Dog is My Favorite Child Sticker | Halloween Gift | Dog Moms,halloween|dog moms|sticker|gift|funny gift|personalized gift|family gift|holiday gift|cute|retro|minimalist|trending|2026,5.99,1.97,2026-08-15,2026-10-31,ready
L-0030,Dog Moms,Halloween,Sticker,Dog Mom Energy,Dog Mom Energy Sticker | Halloween Gift | Dog Moms,halloween|dog moms|sticker|gift|funny gift|personalized gift|family gift|holiday gift|cute|retro|minimalist|trending|2026,5.99,1.97,2026-08-15,2026-10-31,ready
L-0031,Dog Moms,Christmas,T-Shirt,My Dog is My Favorite Child,My Dog is My Favorite Child T-Shirt | Christmas Gift | Dog Moms,christmas|dog moms|t-shirt|gift|funny gift|personalized gift|family gift|holiday gift|cute|retro|minimalist|trending|2026,24.99,4.17,2026-09-01,2026-12-25,ready
L-0032,Dog Moms,Christmas,T-Shirt,Dog Mom Energy,Dog Mom Energy T-Shirt | Christmas Gift | Dog Moms,christmas|dog moms|t-shirt|gift|funny gift|personalized gift|family gift|holiday gift|cute|retro|minimalist|trending|2026,24.99,4.17,2026-09-01,2026-12-25,ready
L-0033,Dog Moms,Christmas,Mug,My Dog is My Favorite Child,My Dog is My Favorite Child Mug | Christmas Gift | Dog Moms,christmas|dog moms|mug|gift|funny gift|personalized gift|family gift|holiday gift|cute|retro|minimalist|trending|2026,16.99,2.93,2026-09-01,2026-12-25,ready
L-0034,Dog Moms,Christmas,Mug,Dog Mom Energy,Dog Mom Energy Mug | Christmas Gift | Dog Moms,christmas|dog moms|mug|gift|funny gift|personalized gift|family gift|holiday gift|cute|retro|minimalist|trending|2026,16.99,2.93,2026-09-01,2026-12-25,ready
L-0035,Dog Moms,Christmas,Sticker,My Dog is My Favorite Child,My Dog is My Favorite Child Sticker | Christmas Gift | Dog Moms,christmas|dog moms|sticker|gift|funny gift|personalized gift|family gift|holiday gift|cute|retro|minimalist|trending|2026,5.99,1.97,2026-09-01,2026-12-25,ready
L-0036,Dog Moms,Christmas,Sticker,Dog Mom Energy,Dog Mom Energy Sticker | Christmas Gift | Dog Moms,christmas|dog moms|sticker|gift|funny gift|personalized gift|family gift|holiday gift|cute|retro|minimalist|trending|2026,5.99,1.97,2026-09-01,2026-12-25,ready
L-0037,Dog Moms,Evergreen,T-Shirt,My Dog is My Favorite Child,My Dog is My Favorite Child T-Shirt | Evergreen Gift | Dog Moms,evergreen|dog moms|t-shirt|gift|funny gift|personalized gift|family gift|holiday gift|cute|retro|minimalist|trending|2026,24.99,4.17,2026-01-01,2026-12-31,ready
L-0038,Dog Moms,Evergreen,T-Shirt,Dog Mom Energy,Dog Mom Energy T-Shirt | Evergreen Gift | Dog Moms,evergreen|dog moms|t-shirt|gift|funny gift|personalized gift|family gift|holiday gift|cute|retro|minimalist|trending|2026,24.99,4.17,2026-01-01,2026-12-31,ready
L-0039,Dog Moms,Evergreen,Mug,My Dog is My Favorite Child,My Dog is My Favorite Child Mug | Evergreen Gift | Dog Moms,evergreen|dog moms|mug|gift|funny gift|personalized gift|family gift|holiday gift|cute|retro|minimalist|trending|2026,16.99,2.93,2026-01-01,2026-12-31,ready
L-0040,Dog Moms,Evergreen,Mug,Dog Mom Energy,Dog Mom Energy Mug | Evergreen Gift | Dog Moms,evergreen|dog moms|mug|gift|funny gift|personalized gift|family gift|holiday gift|cute|retro|minimalist|trending|2026,16.99,2.93,2026-01-01,2026-12-31,ready
L-0041,Dog Moms,Evergreen,Sticker,My Dog is My Favorite Child,My Dog is My Favorite Child Sticker | Evergreen Gift | Dog Moms,evergreen|dog moms|sticker|gift|funny gift|personalized gift|family gift|holiday gift|cute|retro|minimalist|trending|2026,5.99,1.97,2026-01-01,2026-12-31,ready
L-0042,Dog Moms,Evergreen,Sticker,Dog Mom Energy,Dog Mom Energy Sticker | Evergreen Gift | Dog Moms,evergreen|dog moms|sticker|gift|funny gift|personalized gift|family gift|holiday gift|cute|retro|minimalist|trending|2026,5.99,1.97,2026-01-01,2026-12-31,ready
L-0043,Cat Moms,Mothers Day,T-Shirt,Cat Mom Era,Cat Mom Era T-Shirt | Mothers Day Gift | Cat Moms,mothers day|cat moms|t-shirt|gift|funny gift|personalized gift|family gift|holiday gift|cute|retro|minimalist|trending|2026,24.99,4.17,2026-03-01,2026-05-10,ready
L-0044,Cat Moms,Mothers Day,T-Shirt,Powered by Cat Hair,Powered by Cat Hair T-Shirt | Mothers Day Gift | Cat Moms,mothers day|cat moms|t-shirt|gift|funny gift|personalized gift|family gift|holiday gift|cute|retro|minimalist|trending|2026,24.99,4.17,2026-03-01,2026-05-10,ready
L-0045,Cat Moms,Mothers Day,Mug,Cat Mom Era,Cat Mom Era Mug | Mothers Day Gift | Cat Moms,mothers day|cat moms|mug|gift|funny gift|personalized gift|family gift|holiday gift|cute|retro|minimalist|trending|2026,16.99,2.93,2026-03-01,2026-05-10,ready
L-0046,Cat Moms,Mothers Day,Mug,Powered by Cat Hair,Powered by Cat Hair Mug | Mothers Day Gift | Cat Moms,mothers day|cat moms|mug|gift|funny gift|personalized gift|family gift|holiday gift|cute|retro|minimalist|trending|2026,16.99,2.93,2026-03-01,2026-05-10,ready
L-0047,Cat Moms,Mothers Day,Sticker,Cat Mom Era,Cat Mom Era Sticker | Mothers Day Gift | Cat Moms,mothers day|cat moms|sticker|gift|funny gift|personalized gift|family gift|holiday gift|cute|retro|minimalist|trending|2026,5.99,1.97,2026-03-01,2026-05-10,ready
L-0048,Cat Moms,Mothers Day,Sticker,Powered by Cat Hair,Powered by Cat Hair Sticker | Mothers Day Gift | Cat Moms,mothers day|cat moms|sticker|gift|funny gift|personalized gift|family gift|holiday gift|cute|retro|minimalist|trending|2026,5.99,1.97,2026-03-01,2026-05-10,ready
L-0049,Cat Moms,Fathers Day,T-Shirt,Cat Mom Era,Cat Mom Era T-Shirt | Fathers Day Gift | Cat Moms,fathers day|cat moms|t-shirt|gift|funny gift|personalized gift|family gift|holiday gift|cute|retro|minimalist|trending|2026,24.99,4.17,2026-04-01,2026-06-21,ready
L-0050,Cat Moms,Fathers Day,T-Shirt,Powered by Cat Hair,Powered by Cat Hair T-Shirt | Fathers Day Gift | Cat Moms,fathers day|cat moms|t-shirt|gift|funny gift|personalized gift|family gift|holiday gift|cute|retro|minimalist|trending|2026,24.99,4.17,2026-04-01,2026-06-21,ready
L-0051,Cat Moms,Fathers Day,Mug,Cat Mom Era,Cat Mom Era Mug | Fathers Day Gift | Cat Moms,fathers day|cat moms|mug|gift|funny gift|personalized gift|family gift|holiday gift|cute|retro|minimalist|trending|2026,16.99,2.93,2026-04-01,2026-06-21,ready
L-0052,Cat Moms,Fathers Day,Mug,Powered by Cat Hair,Powered by Cat Hair Mug | Fathers Day Gift | Cat Moms,fathers day|cat moms|mug|gift|funny gift|personalized gift|family gift|holiday gift|cute|retro|minimalist|trending|2026,16.99,2.93,2026-04-01,2026-06-21,ready
L-0053,Cat Moms,Fathers Day,Sticker,Cat Mom Era,Cat Mom Era Sticker | Fathers Day Gift | Cat Moms,fathers day|cat moms|sticker|gift|funny gift|personalized gift|family gift|holiday gift|cute|retro|minimalist|trending|2026,5.99,1.97,2026-04-01,2026-06-21,ready
L-0054,Cat Moms,Fathers Day,Sticker,Powered by Cat Hair,Powered by Cat Hair Sticker | Fathers Day Gift | Cat Moms,fathers day|cat moms|sticker|gift|funny gift|personalized gift|family gift|holiday gift|cute|retro|minimalist|trending|2026,5.99,1.97,2026-04-01,2026-06-21,ready
L-0055,Cat Moms,Graduation,T-Shirt,Cat Mom Era,Cat Mom Era T-Shirt | Graduation Gift | Cat Moms,graduation|cat moms|t-shirt|gift|funny gift|personalized gift|family gift|holiday gift|cute|retro|minimalist|trending|2026,24.99,4.17,2026-04-15,2026-06-30,ready
L-0056,Cat Moms,Graduation,T-Shirt,Powered by Cat Hair,Powered by Cat Hair T-Shirt | Graduation Gift | Cat Moms,graduation|cat moms|t-shirt|gift|funny gift|personalized gift|family gift|holiday gift|cute|retro|minimalist|trending|2026,24.99,4.17,2026-04-15,2026-06-30,ready
L-0057,Cat Moms,Graduation,Mug,Cat Mom Era,Cat Mom Era Mug | Graduation Gift | Cat Moms,graduation|cat moms|mug|gift|funny gift|personalized gift|family gift|holiday gift|cute|retro|minimalist|trending|2026,16.99,2.93,2026-04-15,2026-06-30,ready
L-0058,Cat Moms,Graduation,Mug,Powered by Cat Hair,Powered by Cat Hair Mug | Graduation Gift | Cat Moms,graduation|cat moms|mug|gift|funny gift|personalized gift|family gift|holiday gift|cute|retro|minimalist|trending|2026,16.99,2.93,2026-04-15,2026-06-30,ready
L-0059,Cat Moms,Graduation,Sticker,Cat Mom Era,Cat Mom Era Sticker | Graduation Gift | Cat Moms,graduation|cat moms|sticker|gift|funny gift|personalized gift|family gift|holiday gift|cute|retro|minimalist|trending|2026,5.99,1.97,2026-04-15,2026-06-30,ready
L-0060,Cat Moms,Graduation,Sticker,Powered by Cat Hair,Powered by Cat Hair Sticker | Graduation Gift | Cat Moms,graduation|cat moms|sticker|gift|funny gift|personalized gift|family gift|holiday gift|cute|retro|minimalist|trending|2026,5.99,1.97,2026-04-15,2026-06-30,ready
L-0061,Cat Moms,Back to School,T-Shirt,Cat Mom Era,Cat Mom Era T-Shirt | Back to School Gift | Cat Moms,back to school|cat moms|t-shirt|gift|funny gift|personalized gift|family gift|holiday gift|cute|retro|minimalist|trending|2026,24.99,4.17,2026-07-01,2026-09-10,ready
L-0062,Cat Moms,Back to School,T-Shirt,Powered by Cat Hair,Powered by Cat Hair T-Shirt | Back to School Gift | Cat Moms,back to school|cat moms|t-shirt|gift|funny gift|personalized gift|family gift|holiday gift|cute|retro|minimalist|trending|2026,24.99,4.17,2026-07-01,2026-09-10,ready
L-0063,Cat Moms,Back to School,Mug,Cat Mom Era,Cat Mom Era Mug | Back to School Gift | Cat Moms,back to school|cat moms|mug|gift|funny gift|personalized gift|family gift|holiday gift|cute|retro|minimalist|trending|2026,16.99,2.93,2026-07-01,2026-09-10,ready
L-0064,Cat Moms,Back to School,Mug,Powered by Cat Hair,Powered by Cat Hair Mug | Back to School Gift | Cat Moms,back to school|cat moms|mug|gift|funny gift|personalized gift|family gift|holiday gift|cute|retro|minimalist|trending|2026,16.99,2.93,2026-07-01,2026-09-10,ready
L-0065,Cat Moms,Back to School,Sticker,Cat Mom Era,Cat Mom Era Sticker | Back to School Gift | Cat Moms,back to school|cat moms|sticker|gift|funny gift|personalized gift|family gift|holiday gift|cute|retro|minimalist|trending|2026,5.99,1.97,2026-07-01,2026-09-10,ready
L-0066,Cat Moms,Back to School,Sticker,Powered by Cat Hair,Powered by Cat Hair Sticker | Back to School Gift | Cat Moms,back to school|cat moms|sticker|gift|funny gift|personalized gift|family gift|holiday gift|cute|retro|minimalist|trending|2026,5.99,1.97,2026-07-01,2026-09-10,ready
L-0067,Cat Moms,Halloween,T-Shirt,Cat Mom Era,Cat Mom Era T-Shirt | Halloween Gift | Cat Moms,halloween|cat moms|t-shirt|gift|funny gift|personalized gift|family gift|holiday gift|cute|retro|minimalist|trending|2026,24.99,4.17,2026-08-15,2026-10-31,ready
L-0068,Cat Moms,Halloween,T-Shirt,Powered by Cat Hair,Powered by Cat Hair T-Shirt | Halloween Gift | Cat Moms,halloween|cat moms|t-shirt|gift|funny gift|personalized gift|family gift|holiday gift|cute|retro|minimalist|trending|2026,24.99,4.17,2026-08-15,2026-10-31,ready
L-0069,Cat Moms,Halloween,Mug,Cat Mom Era,Cat Mom Era Mug | Halloween Gift | Cat Moms,halloween|cat moms|mug|gift|funny gift|personalized gift|family gift|holiday gift|cute|retro|minimalist|trending|2026,16.99,2.93,2026-08-15,2026-10-31,ready
L-0070,Cat Moms,Halloween,Mug,Powered by Cat Hair,Powered by Cat Hair Mug | Halloween Gift | Cat Moms,halloween|cat moms|mug|gift|funny gift|personalized gift|family gift|holiday gift|cute|retro|minimalist|trending|2026,16.99,2.93,2026-08-15,2026-10-31,ready
L-0071,Cat Moms,Halloween,Sticker,Cat Mom Era,Cat Mom Era Sticker | Halloween Gift | Cat Moms,halloween|cat moms|sticker|gift|funny gift|personalized gift|family gift|holiday gift|cute|retro|minimalist|trending|2026,5.99,1.97,2026-08-15,2026-10-31,ready
L-0072,Cat Moms,Halloween,Sticker,Powered by Cat Hair,Powered by Cat Hair Sticker | Halloween Gift | Cat Moms,halloween|cat moms|sticker|gift|funny gift|personalized gift|family gift|holiday gift|cute|retro|minimalist|trending|2026,5.99,1.97,2026-08-15,2026-10-31,ready
L-0073,Cat Moms,Christmas,T-Shirt,Cat Mom Era,Cat Mom Era T-Shirt | Christmas Gift | Cat Moms,christmas|cat moms|t-shirt|gift|funny gift|personalized gift|family gift|holiday gift|cute|retro|minimalist|trending|2026,24.99,4.17,2026-09-01,2026-12-25,ready
L-0074,Cat Moms,Christmas,T-Shirt,Powered by Cat Hair,Powered by Cat Hair T-Shirt | Christmas Gift | Cat Moms,christmas|cat moms|t-shirt|gift|funny gift|personalized gift|family gift|holiday gift|cute|retro|minimalist|trending|2026,24.99,4.17,2026-09-01,2026-12-25,ready
L-0075,Cat Moms,Christmas,Mug,Cat Mom Era,Cat Mom Era Mug | Christmas Gift | Cat Moms,christmas|cat moms|mug|gift|funny gift|personalized gift|family gift|holiday gift|cute|retro|minimalist|trending|2026,16.99,2.93,2026-09-01,2026-12-25,ready
L-0076,Cat Moms,Christmas,Mug,Powered by Cat Hair,Powered by Cat Hair Mug | Christmas Gift | Cat Moms,christmas|cat moms|mug|gift|funny gift|personalized gift|family gift|holiday gift|cute|retro|minimalist|trending|2026,16.99,2.93,2026-09-01,2026-12-25,ready
L-0077,Cat Moms,Christmas,Sticker,Cat Mom Era,Cat Mom Era Sticker | Christmas Gift | Cat Moms,christmas|cat moms|sticker|gift|funny gift|personalized gift|family gift|holiday gift|cute|retro|minimalist|trending|2026,5.99,1.97,2026-09-01,2026-12-25,ready
L-0078,Cat Moms,Christmas,Sticker,Powered by Cat Hair,Powered by Cat Hair Sticker | Christmas Gift | Cat Moms,christmas|cat moms|sticker|gift|funny gift|personalized gift|family gift|holiday gift|cute|retro|minimalist|trending|2026,5.99,1.97,2026-09-01,2026-12-25,ready
L-0079,Cat Moms,Evergreen,T-Shirt,Cat Mom Era,Cat Mom Era T-Shirt | Evergreen Gift | Cat Moms,evergreen|cat moms|t-shirt|gift|funny gift|personalized gift|family gift|holiday gift|cute|retro|minimalist|trending|2026,24.99,4.17,2026-01-01,2026-12-31,ready
L-0080,Cat Moms,Evergreen,T-Shirt,Powered by Cat Hair,Powered by Cat Hair T-Shirt | Evergreen Gift | Cat Moms,evergreen|cat moms|t-shirt|gift|funny gift|personalized gift|family gift|holiday gift|cute|retro|minimalist|trending|2026,24.99,4.17,2026-01-01,2026-12-31,ready
L-0081,Cat Moms,Evergreen,Mug,Cat Mom Era,Cat Mom Era Mug | Evergreen Gift | Cat Moms,evergreen|cat moms|mug|gift|funny gift|personalized gift|family gift|holiday gift|cute|retro|minimalist|trending|2026,16.99,2.93,2026-01-01,2026-12-31,ready
L-0082,Cat Moms,Evergreen,Mug,Powered by Cat Hair,Powered by Cat Hair Mug | Evergreen Gift | Cat Moms,evergreen|cat moms|mug|gift|funny gift|personalized gift|family gift|holiday gift|cute|retro|minimalist|trending|2026,16.99,2.93,2026-01-01,2026-12-31,ready
L-0083,Cat Moms,Evergreen,Sticker,Cat Mom Era,Cat Mom Era Sticker | Evergreen Gift | Cat Moms,evergreen|cat moms|sticker|gift|funny gift|personalized gift|family gift|holiday gift|cute|retro|minimalist|trending|2026,5.99,1.97,2026-01-01,2026-12-31,ready
L-0084,Cat Moms,Evergreen,Sticker,Powered by Cat Hair,Powered by Cat Hair Sticker | Evergreen Gift | Cat Moms,evergreen|cat moms|sticker|gift|funny gift|personalized gift|family gift|holiday gift|cute|retro|minimalist|trending|2026,5.99,1.97,2026-01-01,2026-12-31,ready
L-0085,Teachers,Mothers Day,T-Shirt,Teach Love Inspire,Teach Love Inspire T-Shirt | Mothers Day Gift | Teachers,mothers day|teachers|t-shirt|gift|funny gift|personalized gift|family gift|holiday gift|cute|retro|minimalist|trending|2026,24.99,4.17,2026-03-01,2026-05-10,ready
L-0086,Teachers,Mothers Day,T-Shirt,Coffee Teach Repeat,Coffee Teach Repeat T-Shirt | Mothers Day Gift | Teachers,mothers day|teachers|t-shirt|gift|funny gift|personalized gift|family gift|holiday gift|cute|retro|minimalist|trending|2026,24.99,4.17,2026-03-01,2026-05-10,ready
L-0087,Teachers,Mothers Day,Mug,Teach Love Inspire,Teach Love Inspire Mug | Mothers Day Gift | Teachers,mothers day|teachers|mug|gift|funny gift|personalized gift|family gift|holiday gift|cute|retro|minimalist|trending|2026,16.99,2.93,2026-03-01,2026-05-10,ready
L-0088,Teachers,Mothers Day,Mug,Coffee Teach Repeat,Coffee Teach Repeat Mug | Mothers Day Gift | Teachers,mothers day|teachers|mug|gift|funny gift|personalized gift|family gift|holiday gift|cute|retro|minimalist|trending|2026,16.99,2.93,2026-03-01,2026-05-10,ready
L-0089,Teachers,Mothers Day,Sticker,Teach Love Inspire,Teach Love Inspire Sticker | Mothers Day Gift | Teachers,mothers day|teachers|sticker|gift|funny gift|personalized gift|family gift|holiday gift|cute|retro|minimalist|trending|2026,5.99,1.97,2026-03-01,2026-05-10,ready
L-0090,Teachers,Mothers Day,Sticker,Coffee Teach Repeat,Coffee Teach Repeat Sticker | Mothers Day Gift | Teachers,mothers day|teachers|sticker|gift|funny gift|personalized gift|family gift|holiday gift|cute|retro|minimalist|trending|2026,5.99,1.97,2026-03-01,2026-05-10,ready
L-0091,Teachers,Fathers Day,T-Shirt,Teach Love Inspire,Teach Love Inspire T-Shirt | Fathers Day Gift | Teachers,fathers day|teachers|t-shirt|gift|funny gift|personalized gift|family gift|holiday gift|cute|retro|minimalist|trending|2026,24.99,4.17,2026-04-01,2026-06-21,ready
L-0092,Teachers,Fathers Day,T-Shirt,Coffee Teach Repeat,Coffee Teach Repeat T-Shirt | Fathers Day Gift | Teachers,fathers day|teachers|t-shirt|gift|funny gift|personalized gift|family gift|holiday gift|cute|retro|minimalist|trending|2026,24.99,4.17,2026-04-01,2026-06-21,ready
L-0093,Teachers,Fathers Day,Mug,Teach Love Inspire,Teach Love Inspire Mug | Fathers Day Gift | Teachers,fathers day|teachers|mug|gift|funny gift|personalized gift|family gift|holiday gift|cute|retro|minimalist|trending|2026,16.99,2.93,2026-04-01,2026-06-21,ready
L-0094,Teachers,Fathers Day,Mug,Coffee Teach Repeat,Coffee Teach Repeat Mug | Fathers Day Gift | Teachers,fathers day|teachers|mug|gift|funny gift|personalized gift|family gift|holiday gift|cute|retro|minimalist|trending|2026,16.99,2.93,2026-04-01,2026-06-21,ready
L-0095,Teachers,Fathers Day,Sticker,Teach Love Inspire,Teach Love Inspire Sticker | Fathers Day Gift | Teachers,fathers day|teachers|sticker|gift|funny gift|personalized gift|family gift|holiday gift|cute|retro|minimalist|trending|2026,5.99,1.97,2026-04-01,2026-06-21,ready
L-0096,Teachers,Fathers Day,Sticker,Coffee Teach Repeat,Coffee Teach Repeat Sticker | Fathers Day Gift | Teachers,fathers day|teachers|sticker|gift|funny gift|personalized gift|family gift|holiday gift|cute|retro|minimalist|trending|2026,5.99,1.97,2026-04-01,2026-06-21,ready
L-0097,Teachers,Graduation,T-Shirt,Teach Love Inspire,Teach Love Inspire T-Shirt | Graduation Gift | Teachers,graduation|teachers|t-shirt|gift|funny gift|personalized gift|family gift|holiday gift|cute|retro|minimalist|trending|2026,24.99,4.17,2026-04-15,2026-06-30,ready
L-0098,Teachers,Graduation,T-Shirt,Coffee Teach Repeat,Coffee Teach Repeat T-Shirt | Graduation Gift | Teachers,graduation|teachers|t-shirt|gift|funny gift|personalized gift|family gift|holiday gift|cute|retro|minimalist|trending|2026,24.99,4.17,2026-04-15,2026-06-30,ready
L-0099,Teachers,Graduation,Mug,Teach Love Inspire,Teach Love Inspire Mug | Graduation Gift | Teachers,graduation|teachers|mug|gift|funny gift|personalized gift|family gift|holiday gift|cute|retro|minimalist|trending|2026,16.99,2.93,2026-04-15,2026-06-30,ready
L-0100,Teachers,Graduation,Mug,Coffee Teach Repeat,Coffee Teach Repeat Mug | Graduation Gift | Teachers,graduation|teachers|mug|gift|funny gift|personalized gift|family gift|holiday gift|cute|retro|minimalist|trending|2026,16.99,2.93,2026-04-15,2026-06-30,ready
L-0101,Teachers,Graduation,Sticker,Teach Love Inspire,Teach Love Inspire Sticker | Graduation Gift | Teachers,graduation|teachers|sticker|gift|funny gift|personalized gift|family gift|holiday gift|cute|retro|minimalist|trending|2026,5.99,1.97,2026-04-15,2026-06-30,ready
L-0102,Teachers,Graduation,Sticker,Coffee Teach Repeat,Coffee Teach Repeat Sticker | Graduation Gift | Teachers,graduation|teachers|sticker|gift|funny gift|personalized gift|family gift|holiday gift|cute|retro|minimalist|trending|2026,5.99,1.97,2026-04-15,2026-06-30,ready
L-0103,Teachers,Back to School,T-Shirt,Teach Love Inspire,Teach Love Inspire T-Shirt | Back to School Gift | Teachers,back to school|teachers|t-shirt|gift|funny gift|personalized gift|family gift|holiday gift|cute|retro|minimalist|trending|2026,24.99,4.17,2026-07-01,2026-09-10,ready
L-0104,Teachers,Back to School,T-Shirt,Coffee Teach Repeat,Coffee Teach Repeat T-Shirt | Back to School Gift | Teachers,back to school|teachers|t-shirt|gift|funny gift|personalized gift|family gift|holiday gift|cute|retro|minimalist|trending|2026,24.99,4.17,2026-07-01,2026-09-10,ready
L-0105,Teachers,Back to School,Mug,Teach Love Inspire,Teach Love Inspire Mug | Back to School Gift | Teachers,back to school|teachers|mug|gift|funny gift|personalized gift|family gift|holiday gift|cute|retro|minimalist|trending|2026,16.99,2.93,2026-07-01,2026-09-10,ready
L-0106,Teachers,Back to School,Mug,Coffee Teach Repeat,Coffee Teach Repeat Mug | Back to School Gift | Teachers,back to school|teachers|mug|gift|funny gift|personalized gift|family gift|holiday gift|cute|retro|minimalist|trending|2026,16.99,2.93,2026-07-01,2026-09-10,ready
L-0107,Teachers,Back to School,Sticker,Teach Love Inspire,Teach Love Inspire Sticker | Back to School Gift | Teachers,back to school|teachers|sticker|gift|funny gift|personalized gift|family gift|holiday gift|cute|retro|minimalist|trending|2026,5.99,1.97,2026-07-01,2026-09-10,ready
L-0108,Teachers,Back to School,Sticker,Coffee Teach Repeat,Coffee Teach Repeat Sticker | Back to School Gift | Teachers,back to school|teachers|sticker|gift|funny gift|personalized gift|family gift|holiday gift|cute|retro|minimalist|trending|2026,5.99,1.97,2026-07-01,2026-09-10,ready
L-0109,Teachers,Halloween,T-Shirt,Teach Love Inspire,Teach Love Inspire T-Shirt | Halloween Gift | Teachers,halloween|teachers|t-shirt|gift|funny gift|personalized gift|family gift|holiday gift|cute|retro|minimalist|trending|2026,24.99,4.17,2026-08-15,2026-10-31,ready
L-0110,Teachers,Halloween,T-Shirt,Coffee Teach Repeat,Coffee Teach Repeat T-Shirt | Halloween Gift | Teachers,halloween|teachers|t-shirt|gift|funny gift|personalized gift|family gift|holiday gift|cute|retro|minimalist|trending|2026,24.99,4.17,2026-08-15,2026-10-31,ready
L-0111,Teachers,Halloween,Mug,Teach Love Inspire,Teach Love Inspire Mug | Halloween Gift | Teachers,halloween|teachers|mug|gift|funny gift|personalized gift|family gift|holiday gift|cute|retro|minimalist|trending|2026,16.99,2.93,2026-08-15,2026-10-31,ready
L-0112,Teachers,Halloween,Mug,Coffee Teach Repeat,Coffee Teach Repeat Mug | Halloween Gift | Teachers,halloween|teachers|mug|gift|funny gift|personalized gift|family gift|holiday gift|cute|retro|minimalist|trending|2026,16.99,2.93,2026-08-15,2026-10-31,ready
L-0113,Teachers,Halloween,Sticker,Teach Love Inspire,Teach Love Inspire Sticker | Halloween Gift | Teachers,halloween|teachers|sticker|gift|funny gift|personalized gift|family gift|holiday gift|cute|retro|minimalist|trending|2026,5.99,1.97,2026-08-15,2026-10-31,ready
L-0114,Teachers,Halloween,Sticker,Coffee Teach Repeat,Coffee Teach Repeat Sticker | Halloween Gift | Teachers,halloween|teachers|sticker|gift|funny gift|personalized gift|family gift|holiday gift|cute|retro|minimalist|trending|2026,5.99,1.97,2026-08-15,2026-10-31,ready
L-0115,Teachers,Christmas,T-Shirt,Teach Love Inspire,Teach Love Inspire T-Shirt | Christmas Gift | Teachers,christmas|teachers|t-shirt|gift|funny gift|personalized gift|family gift|holiday gift|cute|retro|minimalist|trending|2026,24.99,4.17,2026-09-01,2026-12-25,ready
L-0116,Teachers,Christmas,T-Shirt,Coffee Teach Repeat,Coffee Teach Repeat T-Shirt | Christmas Gift | Teachers,christmas|teachers|t-shirt|gift|funny gift|personalized gift|family gift|holiday gift|cute|retro|minimalist|trending|2026,24.99,4.17,2026-09-01,2026-12-25,ready
L-0117,Teachers,Christmas,Mug,Teach Love Inspire,Teach Love Inspire Mug | Christmas Gift | Teachers,christmas|teachers|mug|gift|funny gift|personalized gift|family gift|holiday gift|cute|retro|minimalist|trending|2026,16.99,2.93,2026-09-01,2026-12-25,ready
L-0118,Teachers,Christmas,Mug,Coffee Teach Repeat,Coffee Teach Repeat Mug | Christmas Gift | Teachers,christmas|teachers|mug|gift|funny gift|personalized gift|family gift|holiday gift|cute|retro|minimalist|trending|2026,16.99,2.93,2026-09-01,2026-12-25,ready
L-0119,Teachers,Christmas,Sticker,Teach Love Inspire,Teach Love Inspire Sticker | Christmas Gift | Teachers,christmas|teachers|sticker|gift|funny gift|personalized gift|family gift|holiday gift|cute|retro|minimalist|trending|2026,5.99,1.97,2026-09-01,2026-12-25,ready
L-0120,Teachers,Christmas,Sticker,Coffee Teach Repeat,Coffee Teach Repeat Sticker | Christmas Gift | Teachers,christmas|teachers|sticker|gift|funny gift|personalized gift|family gift|holiday gift|cute|retro|minimalist|trending|2026,5.99,1.97,2026-09-01,2026-12-25,ready
L-0121,Teachers,Evergreen,T-Shirt,Teach Love Inspire,Teach Love Inspire T-Shirt | Evergreen Gift | Teachers,evergreen|teachers|t-shirt|gift|funny gift|personalized gift|family gift|holiday gift|cute|retro|minimalist|trending|2026,24.99,4.17,2026-01-01,2026-12-31,ready
L-0122,Teachers,Evergreen,T-Shirt,Coffee Teach Repeat,Coffee Teach Repeat T-Shirt | Evergreen Gift | Teachers,evergreen|teachers|t-shirt|gift|funny gift|personalized gift|family gift|holiday gift|cute|retro|minimalist|trending|2026,24.99,4.17,2026-01-01,2026-12-31,ready
L-0123,Teachers,Evergreen,Mug,Teach Love Inspire,Teach Love Inspire Mug | Evergreen Gift | Teachers,evergreen|teachers|mug|gift|funny gift|personalized gift|family gift|holiday gift|cute|retro|minimalist|trending|2026,16.99,2.93,2026-01-01,2026-12-31,ready
L-0124,Teachers,Evergreen,Mug,Coffee Teach Repeat,Coffee Teach Repeat Mug | Evergreen Gift | Teachers,evergreen|teachers|mug|gift|funny gift|personalized gift|family gift|holiday gift|cute|retro|minimalist|trending|2026,16.99,2.93,2026-01-01,2026-12-31,ready
L-0125,Teachers,Evergreen,Sticker,Teach Love Inspire,Teach Love Inspire Sticker | Evergreen Gift | Teachers,evergreen|teachers|sticker|gift|funny gift|personalized gift|family gift|holiday gift|cute|retro|minimalist|trending|2026,5.99,1.97,2026-01-01,2026-12-31,ready
L-0126,Teachers,Evergreen,Sticker,Coffee Teach Repeat,Coffee Teach Repeat Sticker | Evergreen Gift | Teachers,evergreen|teachers|sticker|gift|funny gift|personalized gift|family gift|holiday gift|cute|retro|minimalist|trending|2026,5.99,1.97,2026-01-01,2026-12-31,ready
L-0127,Nurses,Mothers Day,T-Shirt,Scrub Life,Scrub Life T-Shirt | Mothers Day Gift | Nurses,mothers day|nurses|t-shirt|gift|funny gift|personalized gift|family gift|holiday gift|cute|retro|minimalist|trending|2026,24.99,4.17,2026-03-01,2026-05-10,ready
L-0128,Nurses,Mothers Day,T-Shirt,Nurse Mode On,Nurse Mode On T-Shirt | Mothers Day Gift | Nurses,mothers day|nurses|t-shirt|gift|funny gift|personalized gift|family gift|holiday gift|cute|retro|minimalist|trending|2026,24.99,4.17,2026-03-01,2026-05-10,ready
L-0129,Nurses,Mothers Day,Mug,Scrub Life,Scrub Life Mug | Mothers Day Gift | Nurses,mothers day|nurses|mug|gift|funny gift|personalized gift|family gift|holiday gift|cute|retro|minimalist|trending|2026,16.99,2.93,2026-03-01,2026-05-10,ready
L-0130,Nurses,Mothers Day,Mug,Nurse Mode On,Nurse Mode On Mug | Mothers Day Gift | Nurses,mothers day|nurses|mug|gift|funny gift|personalized gift|family gift|holiday gift|cute|retro|minimalist|trending|2026,16.99,2.93,2026-03-01,2026-05-10,ready
L-0131,Nurses,Mothers Day,Sticker,Scrub Life,Scrub Life Sticker | Mothers Day Gift | Nurses,mothers day|nurses|sticker|gift|funny gift|personalized gift|family gift|holiday gift|cute|retro|minimalist|trending|2026,5.99,1.97,2026-03-01,2026-05-10,ready
L-0132,Nurses,Mothers Day,Sticker,Nurse Mode On,Nurse Mode On Sticker | Mothers Day Gift | Nurses,mothers day|nurses|sticker|gift|funny gift|personalized gift|family gift|holiday gift|cute|retro|minimalist|trending|2026,5.99,1.97,2026-03-01,2026-05-10,ready
L-0133,Nurses,Fathers Day,T-Shirt,Scrub Life,Scrub Life T-Shirt | Fathers Day Gift | Nurses,fathers day|nurses|t-shirt|gift|funny gift|personalized gift|family gift|holiday gift|cute|retro|minimalist|trending|2026,24.99,4.17,2026-04-01,2026-06-21,ready
L-0134,Nurses,Fathers Day,T-Shirt,Nurse Mode On,Nurse Mode On T-Shirt | Fathers Day Gift | Nurses,fathers day|nurses|t-shirt|gift|funny gift|personalized gift|family gift|holiday gift|cute|retro|minimalist|trending|2026,24.99,4.17,2026-04-01,2026-06-21,ready
L-0135,Nurses,Fathers Day,Mug,Scrub Life,Scrub Life Mug | Fathers Day Gift | Nurses,fathers day|nurses|mug|gift|funny gift|personalized gift|family gift|holiday gift|cute|retro|minimalist|trending|2026,16.99,2.93,2026-04-01,2026-06-21,ready
L-0136,Nurses,Fathers Day,Mug,Nurse Mode On,Nurse Mode On Mug | Fathers Day Gift | Nurses,fathers day|nurses|mug|gift|funny gift|personalized gift|family gift|holiday gift|cute|retro|minimalist|trending|2026,16.99,2.93,2026-04-01,2026-06-21,ready
L-0137,Nurses,Fathers Day,Sticker,Scrub Life,Scrub Life Sticker | Fathers Day Gift | Nurses,fathers day|nurses|sticker|gift|funny gift|personalized gift|family gift|holiday gift|cute|retro|minimalist|trending|2026,5.99,1.97,2026-04-01,2026-06-21,ready
L-0138,Nurses,Fathers Day,Sticker,Nurse Mode On,Nurse Mode On Sticker | Fathers Day Gift | Nurses,fathers day|nurses|sticker|gift|funny gift|personalized gift|family gift|holiday gift|cute|retro|minimalist|trending|2026,5.99,1.97,2026-04-01,2026-06-21,ready
L-0139,Nurses,Graduation,T-Shirt,Scrub Life,Scrub Life T-Shirt | Graduation Gift | Nurses,graduation|nurses|t-shirt|gift|funny gift|personalized gift|family gift|holiday gift|cute|retro|minimalist|trending|2026,24.99,4.17,2026-04-15,2026-06-30,ready
L-0140,Nurses,Graduation,T-Shirt,Nurse Mode On,Nurse Mode On T-Shirt | Graduation Gift | Nurses,graduation|nurses|t-shirt|gift|funny gift|personalized gift|family gift|holiday gift|cute|retro|minimalist|trending|2026,24.99,4.17,2026-04-15,2026-06-30,ready
L-0141,Nurses,Graduation,Mug,Scrub Life,Scrub Life Mug | Graduation Gift | Nurses,graduation|nurses|mug|gift|funny gift|personalized gift|family gift|holiday gift|cute|retro|minimalist|trending|2026,16.99,2.93,2026-04-15,2026-06-30,ready
L-0142,Nurses,Graduation,Mug,Nurse Mode On,Nurse Mode On Mug | Graduation Gift | Nurses,graduation|nurses|mug|gift|funny gift|personalized gift|family gift|holiday gift|cute|retro|minimalist|trending|2026,16.99,2.93,2026-04-15,2026-06-30,ready
L-0143,Nurses,Graduation,Sticker,Scrub Life,Scrub Life Sticker | Graduation Gift | Nurses,graduation|nurses|sticker|gift|funny gift|personalized gift|family gift|holiday gift|cute|retro|minimalist|trending|2026,5.99,1.97,2026-04-15,2026-06-30,ready
L-0144,Nurses,Graduation,Sticker,Nurse Mode On,Nurse Mode On Sticker | Graduation Gift | Nurses,graduation|nurses|sticker|gift|funny gift|personalized gift|family gift|holiday gift|cute|retro|minimalist|trending|2026,5.99,1.97,2026-04-15,2026-06-30,ready
L-0145,Nurses,Back to School,T-Shirt,Scrub Life,Scrub Life T-Shirt | Back to School Gift | Nurses,back to school|nurses|t-shirt|gift|funny gift|personalized gift|family gift|holiday gift|cute|retro|minimalist|trending|2026,24.99,4.17,2026-07-01,2026-09-10,ready
L-0146,Nurses,Back to School,T-Shirt,Nurse Mode On,Nurse Mode On T-Shirt | Back to School Gift | Nurses,back to school|nurses|t-shirt|gift|funny gift|personalized gift|family gift|holiday gift|cute|retro|minimalist|trending|2026,24.99,4.17,2026-07-01,2026-09-10,ready
L-0147,Nurses,Back to School,Mug,Scrub Life,Scrub Life Mug | Back to School Gift | Nurses,back to school|nurses|mug|gift|funny gift|personalized gift|family gift|holiday gift|cute|retro|minimalist|trending|2026,16.99,2.93,2026-07-01,2026-09-10,ready
L-0148,Nurses,Back to School,Mug,Nurse Mode On,Nurse Mode On Mug | Back to School Gift | Nurses,back to school|nurses|mug|gift|funny gift|personalized gift|family gift|holiday gift|cute|retro|minimalist|trending|2026,16.99,2.93,2026-07-01,2026-09-10,ready
L-0149,Nurses,Back to School,Sticker,Scrub Life,Scrub Life Sticker | Back to School Gift | Nurses,back to school|nurses|sticker|gift|funny gift|personalized gift|family gift|holiday gift|cute|retro|minimalist|trending|2026,5.99,1.97,2026-07-01,2026-09-10,ready
L-0150,Nurses,Back to School,Sticker,Nurse Mode On,Nurse Mode On Sticker | Back to School Gift | Nurses,back to school|nurses|sticker|gift|funny gift|personalized gift|family gift|holiday gift|cute|retro|minimalist|trending|2026,5.99,1.97,2026-07-01,2026-09-10,ready
L-0151,Nurses,Halloween,T-Shirt,Scrub Life,Scrub Life T-Shirt | Halloween Gift | Nurses,halloween|nurses|t-shirt|gift|funny gift|personalized gift|family gift|holiday gift|cute|retro|minimalist|trending|2026,24.99,4.17,2026-08-15,2026-10-31,ready
L-0152,Nurses,Halloween,T-Shirt,Nurse Mode On,Nurse Mode On T-Shirt | Halloween Gift | Nurses,halloween|nurses|t-shirt|gift|funny gift|personalized gift|family gift|holiday gift|cute|retro|minimalist|trending|2026,24.99,4.17,2026-08-15,2026-10-31,ready
L-0153,Nurses,Halloween,Mug,Scrub Life,Scrub Life Mug | Halloween Gift | Nurses,halloween|nurses|mug|gift|funny gift|personalized gift|family gift|holiday gift|cute|retro|minimalist|trending|2026,16.99,2.93,2026-08-15,2026-10-31,ready
L-0154,Nurses,Halloween,Mug,Nurse Mode On,Nurse Mode On Mug | Halloween Gift | Nurses,halloween|nurses|mug|gift|funny gift|personalized gift|family gift|holiday gift|cute|retro|minimalist|trending|2026,16.99,2.93,2026-08-15,2026-10-31,ready
L-0155,Nurses,Halloween,Sticker,Scrub Life,Scrub Life Sticker | Halloween Gift | Nurses,halloween|nurses|sticker|gift|funny gift|personalized gift|family gift|holiday gift|cute|retro|minimalist|trending|2026,5.99,1.97,2026-08-15,2026-10-31,ready
L-0156,Nurses,Halloween,Sticker,Nurse Mode On,Nurse Mode On Sticker | Halloween Gift | Nurses,halloween|nurses|sticker|gift|funny gift|personalized gift|family gift|holiday gift|cute|retro|minimalist|trending|2026,5.99,1.97,2026-08-15,2026-10-31,ready
L-0157,Nurses,Christmas,T-Shirt,Scrub Life,Scrub Life T-Shirt | Christmas Gift | Nurses,christmas|nurses|t-shirt|gift|funny gift|personalized gift|family gift|holiday gift|cute|retro|minimalist|trending|2026,24.99,4.17,2026-09-01,2026-12-25,ready
L-0158,Nurses,Christmas,T-Shirt,Nurse Mode On,Nurse Mode On T-Shirt | Christmas Gift | Nurses,christmas|nurses|t-shirt|gift|funny gift|personalized gift|family gift|holiday gift|cute|retro|minimalist|trending|2026,24.99,4.17,2026-09-01,2026-12-25,ready
L-0159,Nurses,Christmas,Mug,Scrub Life,Scrub Life Mug | Christmas Gift | Nurses,christmas|nurses|mug|gift|funny gift|personalized gift|family gift|holiday gift|cute|retro|minimalist|trending|2026,16.99,2.93,2026-09-01,2026-12-25,ready
L-0160,Nurses,Christmas,Mug,Nurse Mode On,Nurse Mode On Mug | Christmas Gift | Nurses,christmas|nurses|mug|gift|funny gift|personalized gift|family gift|holiday gift|cute|retro|minimalist|trending|2026,16.99,2.93,2026-09-01,2026-12-25,ready
L-0161,Nurses,Christmas,Sticker,Scrub Life,Scrub Life Sticker | Christmas Gift | Nurses,christmas|nurses|sticker|gift|funny gift|personalized gift|family gift|holiday gift|cute|retro|minimalist|trending|2026,5.99,1.97,2026-09-01,2026-12-25,ready
L-0162,Nurses,Christmas,Sticker,Nurse Mode On,Nurse Mode On Sticker | Christmas Gift | Nurses,christmas|nurses|sticker|gift|funny gift|personalized gift|family gift|holiday gift|cute|retro|minimalist|trending|2026,5.99,1.97,2026-09-01,2026-12-25,ready
L-0163,Nurses,Evergreen,T-Shirt,Scrub Life,Scrub Life T-Shirt | Evergreen Gift | Nurses,evergreen|nurses|t-shirt|gift|funny gift|personalized gift|family gift|holiday gift|cute|retro|minimalist|trending|2026,24.99,4.17,2026-01-01,2026-12-31,ready
L-0164,Nurses,Evergreen,T-Shirt,Nurse Mode On,Nurse Mode On T-Shirt | Evergreen Gift | Nurses,evergreen|nurses|t-shirt|gift|funny gift|personalized gift|family gift|holiday gift|cute|retro|minimalist|trending|2026,24.99,4.17,2026-01-01,2026-12-31,ready
L-0165,Nurses,Evergreen,Mug,Scrub Life,Scrub Life Mug | Evergreen Gift | Nurses,evergreen|nurses|mug|gift|funny gift|personalized gift|family gift|holiday gift|cute|retro|minimalist|trending|2026,16.99,2.93,2026-01-01,2026-12-31,ready
L-0166,Nurses,Evergreen,Mug,Nurse Mode On,Nurse Mode On Mug | Evergreen Gift | Nurses,evergreen|nurses|mug|gift|funny gift|personalized gift|family gift|holiday gift|cute|retro|minimalist|trending|2026,16.99,2.93,2026-01-01,2026-12-31,ready
L-0167,Nurses,Evergreen,Sticker,Scrub Life,Scrub Life Sticker | Evergreen Gift | Nurses,evergreen|nurses|sticker|gift|funny gift|personalized gift|family gift|holiday gift|cute|retro|minimalist|trending|2026,5.99,1.97,2026-01-01,2026-12-31,ready
L-0168,Nurses,Evergreen,Sticker,Nurse Mode On,Nurse Mode On Sticker | Evergreen Gift | Nurses,evergreen|nurses|sticker|gift|funny gift|personalized gift|family gift|holiday gift|cute|retro|minimalist|trending|2026,5.99,1.97,2026-01-01,2026-12-31,ready
L-0169,Book Lovers,Graduation,T-Shirt,One More Chapter,One More Chapter T-Shirt | Graduation Gift | Book Lovers,graduation|book lovers|t-shirt|gift|funny gift|personalized gift|family gift|holiday gift|cute|retro|minimalist|trending|2026,24.99,4.17,2026-04-15,2026-06-30,ready
L-0170,Book Lovers,Graduation,T-Shirt,Books Are My Therapy,Books Are My Therapy T-Shirt | Graduation Gift | Book Lovers,graduation|book lovers|t-shirt|gift|funny gift|personalized gift|family gift|holiday gift|cute|retro|minimalist|trending|2026,24.99,4.17,2026-04-15,2026-06-30,ready
L-0171,Book Lovers,Graduation,Mug,One More Chapter,One More Chapter Mug | Graduation Gift | Book Lovers,graduation|book lovers|mug|gift|funny gift|personalized gift|family gift|holiday gift|cute|retro|minimalist|trending|2026,16.99,2.93,2026-04-15,2026-06-30,ready
L-0172,Book Lovers,Graduation,Mug,Books Are My Therapy,Books Are My Therapy Mug | Graduation Gift | Book Lovers,graduation|book lovers|mug|gift|funny gift|personalized gift|family gift|holiday gift|cute|retro|minimalist|trending|2026,16.99,2.93,2026-04-15,2026-06-30,ready
L-0173,Book Lovers,Graduation,Sticker,One More Chapter,One More Chapter Sticker | Graduation Gift | Book Lovers,graduation|book lovers|sticker|gift|funny gift|personalized gift|family gift|holiday gift|cute|retro|minimalist|trending|2026,5.99,1.97,2026-04-15,2026-06-30,ready
L-0174,Book Lovers,Graduation,Sticker,Books Are My Therapy,Books Are My Therapy Sticker | Graduation Gift | Book Lovers,graduation|book lovers|sticker|gift|funny gift|personalized gift|family gift|holiday gift|cute|retro|minimalist|trending|2026,5.99,1.97,2026-04-15,2026-06-30,ready
L-0175,Book Lovers,Back to School,T-Shirt,One More Chapter,One More Chapter T-Shirt | Back to School Gift | Book Lovers,back to school|book lovers|t-shirt|gift|funny gift|personalized gift|family gift|holiday gift|cute|retro|minimalist|trending|2026,24.99,4.17,2026-07-01,2026-09-10,ready
L-0176,Book Lovers,Back to School,T-Shirt,Books Are My Therapy,Books Are My Therapy T-Shirt | Back to School Gift | Book Lovers,back to school|book lovers|t-shirt|gift|funny gift|personalized gift|family gift|holiday gift|cute|retro|minimalist|trending|2026,24.99,4.17,2026-07-01,2026-09-10,ready
L-0177,Book Lovers,Back to School,Mug,One More Chapter,One More Chapter Mug | Back to School Gift | Book Lovers,back to school|book lovers|mug|gift|funny gift|personalized gift|family gift|holiday gift|cute|retro|minimalist|trending|2026,16.99,2.93,2026-07-01,2026-09-10,ready
L-0178,Book Lovers,Back to School,Mug,Books Are My Therapy,Books Are My Therapy Mug | Back to School Gift | Book Lovers,back to school|book lovers|mug|gift|funny gift|personalized gift|family gift|holiday gift|cute|retro|minimalist|trending|2026,16.99,2.93,2026-07-01,2026-09-10,ready
L-0179,Book Lovers,Back to School,Sticker,One More Chapter,One More Chapter Sticker | Back to School Gift | Book Lovers,back to school|book lovers|sticker|gift|funny gift|personalized gift|family gift|holiday gift|cute|retro|minimalist|trending|2026,5.99,1.97,2026-07-01,2026-09-10,ready
L-0180,Book Lovers,Back to School,Sticker,Books Are My Therapy,Books Are My Therapy Sticker | Back to School Gift | Book Lovers,back to school|book lovers|sticker|gift|funny gift|personalized gift|family gift|holiday gift|cute|retro|minimalist|trending|2026,5.99,1.97,2026-07-01,2026-09-10,ready
L-0181,Book Lovers,Halloween,T-Shirt,One More Chapter,One More Chapter T-Shirt | Halloween Gift | Book Lovers,halloween|book lovers|t-shirt|gift|funny gift|personalized gift|family gift|holiday gift|cute|retro|minimalist|trending|2026,24.99,4.17,2026-08-15,2026-10-31,ready
L-0182,Book Lovers,Halloween,T-Shirt,Books Are My Therapy,Books Are My Therapy T-Shirt | Halloween Gift | Book Lovers,halloween|book lovers|t-shirt|gift|funny gift|personalized gift|family gift|holiday gift|cute|retro|minimalist|trending|2026,24.99,4.17,2026-08-15,2026-10-31,ready
L-0183,Book Lovers,Halloween,Mug,One More Chapter,One More Chapter Mug | Halloween Gift | Book Lovers,halloween|book lovers|mug|gift|funny gift|personalized gift|family gift|holiday gift|cute|retro|minimalist|trending|2026,16.99,2.93,2026-08-15,2026-10-31,ready
L-0184,Book Lovers,Halloween,Mug,Books Are My Therapy,Books Are My Therapy Mug | Halloween Gift | Book Lovers,halloween|book lovers|mug|gift|funny gift|personalized gift|family gift|holiday gift|cute|retro|minimalist|trending|2026,16.99,2.93,2026-08-15,2026-10-31,ready
L-0185,Book Lovers,Halloween,Sticker,One More Chapter,One More Chapter Sticker | Halloween Gift | Book Lovers,halloween|book lovers|sticker|gift|funny gift|personalized gift|family gift|holiday gift|cute|retro|minimalist|trending|2026,5.99,1.97,2026-08-15,2026-10-31,ready
L-0186,Book Lovers,Halloween,Sticker,Books Are My Therapy,Books Are My Therapy Sticker | Halloween Gift | Book Lovers,halloween|book lovers|sticker|gift|funny gift|personalized gift|family gift|holiday gift|cute|retro|minimalist|trending|2026,5.99,1.97,2026-08-15,2026-10-31,ready
L-0187,Book Lovers,Christmas,T-Shirt,One More Chapter,One More Chapter T-Shirt | Christmas Gift | Book Lovers,christmas|book lovers|t-shirt|gift|funny gift|personalized gift|family gift|holiday gift|cute|retro|minimalist|trending|2026,24.99,4.17,2026-09-01,2026-12-25,ready
L-0188,Book Lovers,Christmas,T-Shirt,Books Are My Therapy,Books Are My Therapy T-Shirt | Christmas Gift | Book Lovers,christmas|book lovers|t-shirt|gift|funny gift|personalized gift|family gift|holiday gift|cute|retro|minimalist|trending|2026,24.99,4.17,2026-09-01,2026-12-25,ready
L-0189,Book Lovers,Christmas,Mug,One More Chapter,One More Chapter Mug | Christmas Gift | Book Lovers,christmas|book lovers|mug|gift|funny gift|personalized gift|family gift|holiday gift|cute|retro|minimalist|trending|2026,16.99,2.93,2026-09-01,2026-12-25,ready
L-0190,Book Lovers,Christmas,Mug,Books Are My Therapy,Books Are My Therapy Mug | Christmas Gift | Book Lovers,christmas|book lovers|mug|gift|funny gift|personalized gift|family gift|holiday gift|cute|retro|minimalist|trending|2026,16.99,2.93,2026-09-01,2026-12-25,ready
L-0191,Book Lovers,Christmas,Sticker,One More Chapter,One More Chapter Sticker | Christmas Gift | Book Lovers,christmas|book lovers|sticker|gift|funny gift|personalized gift|family gift|holiday gift|cute|retro|minimalist|trending|2026,5.99,1.97,2026-09-01,2026-12-25,ready
L-0192,Book Lovers,Christmas,Sticker,Books Are My Therapy,Books Are My Therapy Sticker | Christmas Gift | Book Lovers,christmas|book lovers|sticker|gift|funny gift|personalized gift|family gift|holiday gift|cute|retro|minimalist|trending|2026,5.99,1.97,2026-09-01,2026-12-25,ready
L-0193,Book Lovers,Evergreen,T-Shirt,One More Chapter,One More Chapter T-Shirt | Evergreen Gift | Book Lovers,evergreen|book lovers|t-shirt|gift|funny gift|personalized gift|family gift|holiday gift|cute|retro|minimalist|trending|2026,24.99,4.17,2026-01-01,2026-12-31,ready
L-0194,Book Lovers,Evergreen,T-Shirt,Books Are My Therapy,Books Are My Therapy T-Shirt | Evergreen Gift | Book Lovers,evergreen|book lovers|t-shirt|gift|funny gift|personalized gift|family gift|holiday gift|cute|retro|minimalist|trending|2026,24.99,4.17,2026-01-01,2026-12-31,ready
L-0195,Book Lovers,Evergreen,Mug,One More Chapter,One More Chapter Mug | Evergreen Gift | Book Lovers,evergreen|book lovers|mug|gift|funny gift|personalized gift|family gift|holiday gift|cute|retro|minimalist|trending|2026,16.99,2.93,2026-01-01,2026-12-31,ready
L-0196,Book Lovers,Evergreen,Mug,Books Are My Therapy,Books Are My Therapy Mug | Evergreen Gift | Book Lovers,evergreen|book lovers|mug|gift|funny gift|personalized gift|family gift|holiday gift|cute|retro|minimalist|trending|2026,16.99,2.93,2026-01-01,2026-12-31,ready
L-0197,Book Lovers,Evergreen,Sticker,One More Chapter,One More Chapter Sticker | Evergreen Gift | Book Lovers,evergreen|book lovers|sticker|gift|funny gift|personalized gift|family gift|holiday gift|cute|retro|minimalist|trending|2026,5.99,1.97,2026-01-01,2026-12-31,ready
L-0198,Book Lovers,Evergreen,Sticker,Books Are My Therapy,Books Are My Therapy Sticker | Evergreen Gift | Book Lovers,evergreen|book lovers|sticker|gift|funny gift|personalized gift|family gift|holiday gift|cute|retro|minimalist|trending|2026,5.99,1.97,2026-01-01,2026-12-31,ready
L-0199,Gamers,Graduation,T-Shirt,Respawn Ready,Respawn Ready T-Shirt | Graduation Gift | Gamers,graduation|gamers|t-shirt|gift|funny gift|personalized gift|family gift|holiday gift|cute|retro|minimalist|trending|2026,24.99,4.17,2026-04-15,2026-06-30,ready
L-0200,Gamers,Graduation,T-Shirt,Lag Happens,Lag Happens T-Shirt | Graduation Gift | Gamers,graduation|gamers|t-shirt|gift|funny gift|personalized gift|family gift|holiday gift|cute|retro|minimalist|trending|2026,24.99,4.17,2026-04-15,2026-06-30,ready
L-0201,Gamers,Graduation,Mug,Respawn Ready,Respawn Ready Mug | Graduation Gift | Gamers,graduation|gamers|mug|gift|funny gift|personalized gift|family gift|holiday gift|cute|retro|minimalist|trending|2026,16.99,2.93,2026-04-15,2026-06-30,ready
L-0202,Gamers,Graduation,Mug,Lag Happens,Lag Happens Mug | Graduation Gift | Gamers,graduation|gamers|mug|gift|funny gift|personalized gift|family gift|holiday gift|cute|retro|minimalist|trending|2026,16.99,2.93,2026-04-15,2026-06-30,ready
L-0203,Gamers,Graduation,Sticker,Respawn Ready,Respawn Ready Sticker | Graduation Gift | Gamers,graduation|gamers|sticker|gift|funny gift|personalized gift|family gift|holiday gift|cute|retro|minimalist|trending|2026,5.99,1.97,2026-04-15,2026-06-30,ready
L-0204,Gamers,Graduation,Sticker,Lag Happens,Lag Happens Sticker | Graduation Gift | Gamers,graduation|gamers|sticker|gift|funny gift|personalized gift|family gift|holiday gift|cute|retro|minimalist|trending|2026,5.99,1.97,2026-04-15,2026-06-30,ready
L-0205,Gamers,Back to School,T-Shirt,Respawn Ready,Respawn Ready T-Shirt | Back to School Gift | Gamers,back to school|gamers|t-shirt|gift|funny gift|personalized gift|family gift|holiday gift|cute|retro|minimalist|trending|2026,24.99,4.17,2026-07-01,2026-09-10,ready
L-0206,Gamers,Back to School,T-Shirt,Lag Happens,Lag Happens T-Shirt | Back to School Gift | Gamers,back to school|gamers|t-shirt|gift|funny gift|personalized gift|family gift|holiday gift|cute|retro|minimalist|trending|2026,24.99,4.17,2026-07-01,2026-09-10,ready
L-0207,Gamers,Back to School,Mug,Respawn Ready,Respawn Ready Mug | Back to School Gift | Gamers,back to school|gamers|mug|gift|funny gift|personalized gift|family gift|holiday gift|cute|retro|minimalist|trending|2026,16.99,2.93,2026-07-01,2026-09-10,ready
L-0208,Gamers,Back to School,Mug,Lag Happens,Lag Happens Mug | Back to School Gift | Gamers,back to school|gamers|mug|gift|funny gift|personalized gift|family gift|holiday gift|cute|retro|minimalist|trending|2026,16.99,2.93,2026-07-01,2026-09-10,ready
L-0209,Gamers,Back to School,Sticker,Respawn Ready,Respawn Ready Sticker | Back to School Gift | Gamers,back to school|gamers|sticker|gift|funny gift|personalized gift|family gift|holiday gift|cute|retro|minimalist|trending|2026,5.99,1.97,2026-07-01,2026-09-10,ready
L-0210,Gamers,Back to School,Sticker,Lag Happens,Lag Happens Sticker | Back to School Gift | Gamers,back to school|gamers|sticker|gift|funny gift|personalized gift|family gift|holiday gift|cute|retro|minimalist|trending|2026,5.99,1.97,2026-07-01,2026-09-10,ready
L-0211,Gamers,Halloween,T-Shirt,Respawn Ready,Respawn Ready T-Shirt | Halloween Gift | Gamers,halloween|gamers|t-shirt|gift|funny gift|personalized gift|family gift|holiday gift|cute|retro|minimalist|trending|2026,24.99,4.17,2026-08-15,2026-10-31,ready
L-0212,Gamers,Halloween,T-Shirt,Lag Happens,Lag Happens T-Shirt | Halloween Gift | Gamers,halloween|gamers|t-shirt|gift|funny gift|personalized gift|family gift|holiday gift|cute|retro|minimalist|trending|2026,24.99,4.17,2026-08-15,2026-10-31,ready
L-0213,Gamers,Halloween,Mug,Respawn Ready,Respawn Ready Mug | Halloween Gift | Gamers,halloween|gamers|mug|gift|funny gift|personalized gift|family gift|holiday gift|cute|retro|minimalist|trending|2026,16.99,2.93,2026-08-15,2026-10-31,ready
L-0214,Gamers,Halloween,Mug,Lag Happens,Lag Happens Mug | Halloween Gift | Gamers,halloween|gamers|mug|gift|funny gift|personalized gift|family gift|holiday gift|cute|retro|minimalist|trending|2026,16.99,2.93,2026-08-15,2026-10-31,ready
L-0215,Gamers,Halloween,Sticker,Respawn Ready,Respawn Ready Sticker | Halloween Gift | Gamers,halloween|gamers|sticker|gift|funny gift|personalized gift|family gift|holiday gift|cute|retro|minimalist|trending|2026,5.99,1.97,2026-08-15,2026-10-31,ready
L-0216,Gamers,Halloween,Sticker,Lag Happens,Lag Happens Sticker | Halloween Gift | Gamers,halloween|gamers|sticker|gift|funny gift|personalized gift|family gift|holiday gift|cute|retro|minimalist|trending|2026,5.99,1.97,2026-08-15,2026-10-31,ready
L-0217,Gamers,Christmas,T-Shirt,Respawn Ready,Respawn Ready T-Shirt | Christmas Gift | Gamers,christmas|gamers|t-shirt|gift|funny gift|personalized gift|family gift|holiday gift|cute|retro|minimalist|trending|2026,24.99,4.17,2026-09-01,2026-12-25,ready
L-0218,Gamers,Christmas,T-Shirt,Lag Happens,Lag Happens T-Shirt | Christmas Gift | Gamers,christmas|gamers|t-shirt|gift|funny gift|personalized gift|family gift|holiday gift|cute|retro|minimalist|trending|2026,24.99,4.17,2026-09-01,2026-12-25,ready
L-0219,Gamers,Christmas,Mug,Respawn Ready,Respawn Ready Mug | Christmas Gift | Gamers,christmas|gamers|mug|gift|funny gift|personalized gift|family gift|holiday gift|cute|retro|minimalist|trending|2026,16.99,2.93,2026-09-01,2026-12-25,ready
L-0220,Gamers,Christmas,Mug,Lag Happens,Lag Happens Mug | Christmas Gift | Gamers,christmas|gamers|mug|gift|funny gift|personalized gift|family gift|holiday gift|cute|retro|minimalist|trending|2026,16.99,2.93,2026-09-01,2026-12-25,ready
L-0221,Gamers,Christmas,Sticker,Respawn Ready,Respawn Ready Sticker | Christmas Gift | Gamers,christmas|gamers|sticker|gift|funny gift|personalized gift|family gift|holiday gift|cute|retro|minimalist|trending|2026,5.99,1.97,2026-09-01,2026-12-25,ready
L-0222,Gamers,Christmas,Sticker,Lag Happens,Lag Happens Sticker | Christmas Gift | Gamers,christmas|gamers|sticker|gift|funny gift|personalized gift|family gift|holiday gift|cute|retro|minimalist|trending|2026,5.99,1.97,2026-09-01,2026-12-25,ready
L-0223,Gamers,Evergreen,T-Shirt,Respawn Ready,Respawn Ready T-Shirt | Evergreen Gift | Gamers,evergreen|gamers|t-shirt|gift|funny gift|personalized gift|family gift|holiday gift|cute|retro|minimalist|trending|2026,24.99,4.17,2026-01-01,2026-12-31,ready
L-0224,Gamers,Evergreen,T-Shirt,Lag Happens,Lag Happens T-Shirt | Evergreen Gift | Gamers,evergreen|gamers|t-shirt|gift|funny gift|personalized gift|family gift|holiday gift|cute|retro|minimalist|trending|2026,24.99,4.17,2026-01-01,2026-12-31,ready
L-0225,Gamers,Evergreen,Mug,Respawn Ready,Respawn Ready Mug | Evergreen Gift | Gamers,evergreen|gamers|mug|gift|funny gift|personalized gift|family gift|holiday gift|cute|retro|minimalist|trending|2026,16.99,2.93,2026-01-01,2026-12-31,ready
L-0226,Gamers,Evergreen,Mug,Lag Happens,Lag Happens Mug | Evergreen Gift | Gamers,evergreen|gamers|mug|gift|funny gift|personalized gift|family gift|holiday gift|cute|retro|minimalist|trending|2026,16.99,2.93,2026-01-01,2026-12-31,ready
L-0227,Gamers,Evergreen,Sticker,Respawn Ready,Respawn Ready Sticker | Evergreen Gift | Gamers,evergreen|gamers|sticker|gift|funny gift|personalized gift|family gift|holiday gift|cute|retro|minimalist|trending|2026,5.99,1.97,2026-01-01,2026-12-31,ready
L-0228,Gamers,Evergreen,Sticker,Lag Happens,Lag Happens Sticker | Evergreen Gift | Gamers,evergreen|gamers|sticker|gift|funny gift|personalized gift|family gift|holiday gift|cute|retro|minimalist|trending|2026,5.99,1.97,2026-01-01,2026-12-31,ready
L-0229,New Moms,Mothers Day,T-Shirt,Mama Est 2026,Mama Est 2026 T-Shirt | Mothers Day Gift | New Moms,mothers day|new moms|t-shirt|gift|funny gift|personalized gift|family gift|holiday gift|cute|retro|minimalist|trending|2026,24.99,4.17,2026-03-01,2026-05-10,ready
L-0230,New Moms,Mothers Day,T-Shirt,Promoted to Mommy,Promoted to Mommy T-Shirt | Mothers Day Gift | New Moms,mothers day|new moms|t-shirt|gift|funny gift|personalized gift|family gift|holiday gift|cute|retro|minimalist|trending|2026,24.99,4.17,2026-03-01,2026-05-10,ready
L-0231,New Moms,Mothers Day,Mug,Mama Est 2026,Mama Est 2026 Mug | Mothers Day Gift | New Moms,mothers day|new moms|mug|gift|funny gift|personalized gift|family gift|holiday gift|cute|retro|minimalist|trending|2026,16.99,2.93,2026-03-01,2026-05-10,ready
L-0232,New Moms,Mothers Day,Mug,Promoted to Mommy,Promoted to Mommy Mug | Mothers Day Gift | New Moms,mothers day|new moms|mug|gift|funny gift|personalized gift|family gift|holiday gift|cute|retro|minimalist|trending|2026,16.99,2.93,2026-03-01,2026-05-10,ready
L-0233,New Moms,Mothers Day,Sticker,Mama Est 2026,Mama Est 2026 Sticker | Mothers Day Gift | New Moms,mothers day|new moms|sticker|gift|funny gift|personalized gift|family gift|holiday gift|cute|retro|minimalist|trending|2026,5.99,1.97,2026-03-01,2026-05-10,ready
L-0234,New Moms,Mothers Day,Sticker,Promoted to Mommy,Promoted to Mommy Sticker | Mothers Day Gift | New Moms,mothers day|new moms|sticker|gift|funny gift|personalized gift|family gift|holiday gift|cute|retro|minimalist|trending|2026,5.99,1.97,2026-03-01,2026-05-10,ready
L-0235,New Moms,Fathers Day,T-Shirt,Mama Est 2026,Mama Est 2026 T-Shirt | Fathers Day Gift | New Moms,fathers day|new moms|t-shirt|gift|funny gift|personalized gift|family gift|holiday gift|cute|retro|minimalist|trending|2026,24.99,4.17,2026-04-01,2026-06-21,ready
L-0236,New Moms,Fathers Day,T-Shirt,Promoted to Mommy,Promoted to Mommy T-Shirt | Fathers Day Gift | New Moms,fathers day|new moms|t-shirt|gift|funny gift|personalized gift|family gift|holiday gift|cute|retro|minimalist|trending|2026,24.99,4.17,2026-04-01,2026-06-21,ready
L-0237,New Moms,Fathers Day,Mug,Mama Est 2026,Mama Est 2026 Mug | Fathers Day Gift | New Moms,fathers day|new moms|mug|gift|funny gift|personalized gift|family gift|holiday gift|cute|retro|minimalist|trending|2026,16.99,2.93,2026-04-01,2026-06-21,ready
L-0238,New Moms,Fathers Day,Mug,Promoted to Mommy,Promoted to Mommy Mug | Fathers Day Gift | New Moms,fathers day|new moms|mug|gift|funny gift|personalized gift|family gift|holiday gift|cute|retro|minimalist|trending|2026,16.99,2.93,2026-04-01,2026-06-21,ready
L-0239,New Moms,Fathers Day,Sticker,Mama Est 2026,Mama Est 2026 Sticker | Fathers Day Gift | New Moms,fathers day|new moms|sticker|gift|funny gift|personalized gift|family gift|holiday gift|cute|retro|minimalist|trending|2026,5.99,1.97,2026-04-01,2026-06-21,ready
L-0240,New Moms,Fathers Day,Sticker,Promoted to Mommy,Promoted to Mommy Sticker | Fathers Day Gift | New Moms,fathers day|new moms|sticker|gift|funny gift|personalized gift|family gift|holiday gift|cute|retro|minimalist|trending|2026,5.99,1.97,2026-04-01,2026-06-21,ready
