wave,publish_date,listing_id,niche,season,product,title,tags,price_usd,est_margin_pct,status
W4,2026-03-18,LB-00380,Plant Lovers,Fathers Day,Mug,Vintage Sunset Mug | Fathers Day | Plant Lovers,fathers day gift|gift for dad|dad shirt|plant lovers|plant gift|mug|funny gift|personalized gift|custom gift|trending 2026|etsy find|gift idea|family gift,16.99,14.3,queued
W4,2026-03-19,LB-00393,Teachers,Mothers Day,Mug,Proud to Teach Mug | Mothers Day | Teachers,mothers day gift|gift for mom|mama gift|teachers|teachers gift|mug|funny gift|personalized gift|custom gift|trending 2026|etsy find|gift idea|family gift,16.99,14.3,queued
W4,2026-03-20,LB-00400,Coffee Lovers,Mothers Day,Mug,Chaos Coordinator Mug | Mothers Day | Coffee Lovers,mothers day gift|gift for mom|mama gift|coffee lovers|coffee gift|mug|funny gift|personalized gift|custom gift|trending 2026|etsy find|gift idea|family gift,16.99,14.3,queued
W4,2026-03-21,LB-00409,Boy Moms,Fathers Day,Mug,Paws and Effect Mug | Fathers Day | Boy Moms,fathers day gift|gift for dad|dad shirt|boy moms|boy gift|mug|funny gift|personalized gift|custom gift|trending 2026|etsy find|gift idea|family gift,16.99,14.3,queued
W4,2026-03-22,LB-00411,New Dads,Graduation,Mug,Personalized Family Name Mug | Graduation | New Dads,graduation gift|class of 2026|grad shirt|new dads|new gift|mug|funny gift|personalized gift|custom gift|trending 2026|etsy find|gift idea|family gift,16.99,14.3,queued
W4,2026-03-23,LB-00415,Boy Moms,Graduation,Mug,Fueled by Coffee and Chaos Mug | Graduation | Boy Moms,graduation gift|class of 2026|grad shirt|boy moms|boy gift|mug|funny gift|personalized gift|custom gift|trending 2026|etsy find|gift idea|family gift,16.99,14.3,queued
W4,2026-03-24,LB-00419,New Dads,Graduation,Mug,Old School Badge Mug | Graduation | New Dads,graduation gift|class of 2026|grad shirt|new dads|new gift|mug|funny gift|personalized gift|custom gift|trending 2026|etsy find|gift idea|family gift,16.99,14.3,queued
W4,2026-03-18,LB-00432,New Dads,Graduation,Mug,Built for Service Mug | Graduation | New Dads,graduation gift|class of 2026|grad shirt|new dads|new gift|mug|funny gift|personalized gift|custom gift|trending 2026|etsy find|gift idea|family gift,16.99,14.3,queued
W4,2026-03-19,LB-00440,New Moms,Graduation,Mug,Memory Badge Mug | Graduation | New Moms,graduation gift|class of 2026|grad shirt|new moms|new gift|mug|funny gift|personalized gift|custom gift|trending 2026|etsy find|gift idea|family gift,16.99,14.3,queued
W4,2026-03-20,LB-00446,Boy Moms,Fathers Day,Mug,Teacher Vibes Mug | Fathers Day | Boy Moms,fathers day gift|gift for dad|dad shirt|boy moms|boy gift|mug|funny gift|personalized gift|custom gift|trending 2026|etsy find|gift idea|family gift,16.99,14.3,queued
W4,2026-03-21,LB-00448,New Moms,Fathers Day,Mug,Loved Beyond Words Mug | Fathers Day | New Moms,fathers day gift|gift for dad|dad shirt|new moms|new gift|mug|funny gift|personalized gift|custom gift|trending 2026|etsy find|gift idea|family gift,16.99,14.3,queued
W4,2026-03-22,LB-00459,Therapists,Fathers Day,Mug,Teacher Vibes Mug | Fathers Day | Therapists,fathers day gift|gift for dad|dad shirt|therapists|therapists gift|mug|funny gift|personalized gift|custom gift|trending 2026|etsy find|gift idea|family gift,16.99,14.3,queued
W4,2026-03-23,LB-00466,Christian Moms,Mothers Day,Mug,Classroom Hero Mug | Mothers Day | Christian Moms,mothers day gift|gift for mom|mama gift|christian moms|christian gift|mug|funny gift|personalized gift|custom gift|trending 2026|etsy find|gift idea|family gift,16.99,14.3,queued
W4,2026-03-24,LB-00468,Book Lovers,Graduation,Mug,Classroom Hero Mug | Graduation | Book Lovers,graduation gift|class of 2026|grad shirt|book lovers|book gift|mug|funny gift|personalized gift|custom gift|trending 2026|etsy find|gift idea|family gift,16.99,14.3,queued
W4,2026-03-18,LB-00479,Teachers,Fathers Day,Mug,My Favorite Human Mug | Fathers Day | Teachers,fathers day gift|gift for dad|dad shirt|teachers|teachers gift|mug|funny gift|personalized gift|custom gift|trending 2026|etsy find|gift idea|family gift,16.99,14.3,queued
W4,2026-03-19,LB-00495,Gamers,Mothers Day,Mug,Thank You for Everything Mug | Mothers Day | Gamers,mothers day gift|gift for mom|mama gift|gamers|gamers gift|mug|funny gift|personalized gift|custom gift|trending 2026|etsy find|gift idea|family gift,16.99,14.3,queued
W4,2026-03-20,LB-00504,Moms of 2+,Mothers Day,Mug,Add Kid Names Mug | Mothers Day | Moms of 2+,mothers day gift|gift for mom|mama gift|moms of 2+|moms gift|mug|funny gift|personalized gift|custom gift|trending 2026|etsy find|gift idea|family gift,16.99,14.3,queued
W4,2026-03-21,LB-00507,Nurses,Graduation,Mug,Always in My Heart Mug | Graduation | Nurses,graduation gift|class of 2026|grad shirt|nurses|nurses gift|mug|funny gift|personalized gift|custom gift|trending 2026|etsy find|gift idea|family gift,16.99,14.3,queued
W4,2026-03-22,LB-00510,New Dads,Mothers Day,Mug,Healing Hands Mug | Mothers Day | New Dads,mothers day gift|gift for mom|mama gift|new dads|new gift|mug|funny gift|personalized gift|custom gift|trending 2026|etsy find|gift idea|family gift,16.99,14.3,queued
W4,2026-03-23,LB-00518,Coffee Lovers,Graduation,Mug,Grade A Chaos Mug | Graduation | Coffee Lovers,graduation gift|class of 2026|grad shirt|coffee lovers|coffee gift|mug|funny gift|personalized gift|custom gift|trending 2026|etsy find|gift idea|family gift,16.99,14.3,queued
W4,2026-03-24,LB-00534,Cat Moms,Fathers Day,Mug,Fueled by Coffee and Chaos Mug | Fathers Day | Cat Moms,fathers day gift|gift for dad|dad shirt|cat moms|cat gift|mug|funny gift|personalized gift|custom gift|trending 2026|etsy find|gift idea|family gift,16.99,14.3,queued
W4,2026-03-18,LB-00545,New Dads,Mothers Day,Mug,Barely Functioning Mug | Mothers Day | New Dads,mothers day gift|gift for mom|mama gift|new dads|new gift|mug|funny gift|personalized gift|custom gift|trending 2026|etsy find|gift idea|family gift,16.99,14.3,queued
W4,2026-03-19,LB-00549,Therapists,Fathers Day,Mug,Healing Hands Mug | Fathers Day | Therapists,fathers day gift|gift for dad|dad shirt|therapists|therapists gift|mug|funny gift|personalized gift|custom gift|trending 2026|etsy find|gift idea|family gift,16.99,14.3,queued
W4,2026-03-20,LB-00575,Moms of 2+,Mothers Day,Mug,Polaroid Frame Style Mug | Mothers Day | Moms of 2+,mothers day gift|gift for mom|mama gift|moms of 2+|moms gift|mug|funny gift|personalized gift|custom gift|trending 2026|etsy find|gift idea|family gift,16.99,14.3,queued
W4,2026-03-21,LB-00586,Teachers,Mothers Day,Mug,Barely Functioning Mug | Mothers Day | Teachers,mothers day gift|gift for mom|mama gift|teachers|teachers gift|mug|funny gift|personalized gift|custom gift|trending 2026|etsy find|gift idea|family gift,16.99,14.3,queued
W4,2026-03-22,LB-00616,Plant Lovers,Mothers Day,Mug,Nurse Strong Mug | Mothers Day | Plant Lovers,mothers day gift|gift for mom|mama gift|plant lovers|plant gift|mug|funny gift|personalized gift|custom gift|trending 2026|etsy find|gift idea|family gift,16.99,14.3,queued
W4,2026-03-23,LB-00672,Nurses,Fathers Day,Mug,Picture + Name Mug | Fathers Day | Nurses,fathers day gift|gift for dad|dad shirt|nurses|nurses gift|mug|funny gift|personalized gift|custom gift|trending 2026|etsy find|gift idea|family gift,16.99,14.3,queued
W4,2026-03-24,LB-00673,Gamers,Mothers Day,Mug,Old School Badge Mug | Mothers Day | Gamers,mothers day gift|gift for mom|mama gift|gamers|gamers gift|mug|funny gift|personalized gift|custom gift|trending 2026|etsy find|gift idea|family gift,16.99,14.3,queued
W4,2026-03-18,LB-00677,Teachers,Fathers Day,Mug,Class of 2026 Mug | Fathers Day | Teachers,fathers day gift|gift for dad|dad shirt|teachers|teachers gift|mug|funny gift|personalized gift|custom gift|trending 2026|etsy find|gift idea|family gift,16.99,14.3,queued
W4,2026-03-19,LB-00699,Book Lovers,Graduation,Mug,Photo Collage Layout Mug | Graduation | Book Lovers,graduation gift|class of 2026|grad shirt|book lovers|book gift|mug|funny gift|personalized gift|custom gift|trending 2026|etsy find|gift idea|family gift,16.99,14.3,queued
W4,2026-03-20,LB-00704,Girl Moms,Fathers Day,Mug,Add Kid Names Mug | Fathers Day | Girl Moms,fathers day gift|gift for dad|dad shirt|girl moms|girl gift|mug|funny gift|personalized gift|custom gift|trending 2026|etsy find|gift idea|family gift,16.99,14.3,queued
W4,2026-03-21,LB-00709,Book Lovers,Fathers Day,Mug,Forever Proud Mug | Fathers Day | Book Lovers,fathers day gift|gift for dad|dad shirt|book lovers|book gift|mug|funny gift|personalized gift|custom gift|trending 2026|etsy find|gift idea|family gift,16.99,14.3,queued
W4,2026-03-22,LB-00741,Fitness Moms,Graduation,Mug,Classroom Hero Mug | Graduation | Fitness Moms,graduation gift|class of 2026|grad shirt|fitness moms|fitness gift|mug|funny gift|personalized gift|custom gift|trending 2026|etsy find|gift idea|family gift,16.99,14.3,queued
W4,2026-03-23,LB-00755,Nurses,Graduation,Mug,Loved Beyond Words Mug | Graduation | Nurses,graduation gift|class of 2026|grad shirt|nurses|nurses gift|mug|funny gift|personalized gift|custom gift|trending 2026|etsy find|gift idea|family gift,16.99,14.3,queued
W4,2026-03-24,LB-00756,Dental Hygienists,Graduation,Mug,Throwback Type Mug | Graduation | Dental Hygienists,graduation gift|class of 2026|grad shirt|dental hygienists|dental gift|mug|funny gift|personalized gift|custom gift|trending 2026|etsy find|gift idea|family gift,16.99,14.3,queued
W4,2026-03-18,LB-00764,New Moms,Graduation,Mug,Built for Service Mug | Graduation | New Moms,graduation gift|class of 2026|grad shirt|new moms|new gift|mug|funny gift|personalized gift|custom gift|trending 2026|etsy find|gift idea|family gift,16.99,14.3,queued
W4,2026-03-19,LB-00774,Girl Moms,Graduation,Mug,Healing Hands Mug | Graduation | Girl Moms,graduation gift|class of 2026|grad shirt|girl moms|girl gift|mug|funny gift|personalized gift|custom gift|trending 2026|etsy find|gift idea|family gift,16.99,14.3,queued
W4,2026-03-20,LB-00778,Therapists,Graduation,Mug,Always in My Heart Mug | Graduation | Therapists,graduation gift|class of 2026|grad shirt|therapists|therapists gift|mug|funny gift|personalized gift|custom gift|trending 2026|etsy find|gift idea|family gift,16.99,14.3,queued
W4,2026-03-21,LB-00793,Cat Moms,Graduation,Mug,Healing Hands Mug | Graduation | Cat Moms,graduation gift|class of 2026|grad shirt|cat moms|cat gift|mug|funny gift|personalized gift|custom gift|trending 2026|etsy find|gift idea|family gift,16.99,14.3,queued
W4,2026-03-22,LB-00806,Christian Moms,Fathers Day,Mug,Professionally Tired Mug | Fathers Day | Christian Moms,fathers day gift|gift for dad|dad shirt|christian moms|christian gift|mug|funny gift|personalized gift|custom gift|trending 2026|etsy find|gift idea|family gift,16.99,14.3,queued
W4,2026-03-23,LB-00812,Dental Hygienists,Mothers Day,Mug,Read Sleep Repeat Mug | Mothers Day | Dental Hygienists,mothers day gift|gift for mom|mama gift|dental hygienists|dental gift|mug|funny gift|personalized gift|custom gift|trending 2026|etsy find|gift idea|family gift,16.99,14.3,queued
W4,2026-03-24,LB-00818,New Moms,Graduation,Mug,Photo Collage Layout Mug | Graduation | New Moms,graduation gift|class of 2026|grad shirt|new moms|new gift|mug|funny gift|personalized gift|custom gift|trending 2026|etsy find|gift idea|family gift,16.99,14.3,queued
W4,2026-03-18,LB-00823,Coffee Lovers,Graduation,Mug,IYKYK Mug | Graduation | Coffee Lovers,graduation gift|class of 2026|grad shirt|coffee lovers|coffee gift|mug|funny gift|personalized gift|custom gift|trending 2026|etsy find|gift idea|family gift,16.99,14.3,queued
W4,2026-03-19,LB-00829,Girl Moms,Fathers Day,Mug,Monogram Style Mug | Fathers Day | Girl Moms,fathers day gift|gift for dad|dad shirt|girl moms|girl gift|mug|funny gift|personalized gift|custom gift|trending 2026|etsy find|gift idea|family gift,16.99,14.3,queued
W4,2026-03-20,LB-00841,Gamers,Graduation,Mug,Grace Over Grind Mug | Graduation | Gamers,graduation gift|class of 2026|grad shirt|gamers|gamers gift|mug|funny gift|personalized gift|custom gift|trending 2026|etsy find|gift idea|family gift,16.99,14.3,queued
W4,2026-03-21,LB-00860,New Moms,Mothers Day,Mug,Loved Beyond Words Mug | Mothers Day | New Moms,mothers day gift|gift for mom|mama gift|new moms|new gift|mug|funny gift|personalized gift|custom gift|trending 2026|etsy find|gift idea|family gift,16.99,14.3,queued
W4,2026-03-22,LB-00866,Graduation Families,Graduation,Mug,IYKYK Mug | Graduation | Graduation Families,graduation gift|class of 2026|grad shirt|graduation families|mug|funny gift|personalized gift|custom gift|trending 2026|etsy find|gift idea|family gift,16.99,14.3,queued
W4,2026-03-23,LB-00881,Coffee Lovers,Graduation,Mug,Personalized Family Name Mug | Graduation | Coffee Lovers,graduation gift|class of 2026|grad shirt|coffee lovers|coffee gift|mug|funny gift|personalized gift|custom gift|trending 2026|etsy find|gift idea|family gift,16.99,14.3,queued
W4,2026-03-24,LB-00898,Gamers,Mothers Day,Mug,Healing Hands Mug | Mothers Day | Gamers,mothers day gift|gift for mom|mama gift|gamers|gamers gift|mug|funny gift|personalized gift|custom gift|trending 2026|etsy find|gift idea|family gift,16.99,14.3,queued
W4,2026-03-18,LB-00914,Nurses,Mothers Day,Mug,Retro Script Mug | Mothers Day | Nurses,mothers day gift|gift for mom|mama gift|nurses|nurses gift|mug|funny gift|personalized gift|custom gift|trending 2026|etsy find|gift idea|family gift,16.99,14.3,queued
W4,2026-03-19,LB-00915,Real Estate Agents,Graduation,Mug,Built with Love Mug | Graduation | Real Estate Agents,graduation gift|class of 2026|grad shirt|real estate agents|real gift|mug|funny gift|personalized gift|custom gift|trending 2026|etsy find|gift idea|family gift,16.99,14.3,queued
W4,2026-03-20,LB-00918,Therapists,Fathers Day,Mug,Distressed Classic Mug | Fathers Day | Therapists,fathers day gift|gift for dad|dad shirt|therapists|therapists gift|mug|funny gift|personalized gift|custom gift|trending 2026|etsy find|gift idea|family gift,16.99,14.3,queued
W4,2026-03-21,LB-00924,Nurses,Fathers Day,Mug,Class of 2026 Mug | Fathers Day | Nurses,fathers day gift|gift for dad|dad shirt|nurses|nurses gift|mug|funny gift|personalized gift|custom gift|trending 2026|etsy find|gift idea|family gift,16.99,14.3,queued
W4,2026-03-22,LB-00929,New Moms,Mothers Day,Mug,Running on Vibes Mug | Mothers Day | New Moms,mothers day gift|gift for mom|mama gift|new moms|new gift|mug|funny gift|personalized gift|custom gift|trending 2026|etsy find|gift idea|family gift,16.99,14.3,queued
W4,2026-03-23,LB-00971,Dog Moms,Mothers Day,Mug,Teacher Vibes Mug | Mothers Day | Dog Moms,mothers day gift|gift for mom|mama gift|dog moms|dog gift|mug|funny gift|personalized gift|custom gift|trending 2026|etsy find|gift idea|family gift,16.99,14.3,queued
W4,2026-03-24,LB-00977,Nurses,Fathers Day,Mug,Built with Love Mug | Fathers Day | Nurses,fathers day gift|gift for dad|dad shirt|nurses|nurses gift|mug|funny gift|personalized gift|custom gift|trending 2026|etsy find|gift idea|family gift,16.99,14.3,queued
W4,2026-03-18,LB-00988,Real Estate Agents,Graduation,Mug,Mama Era Mug | Graduation | Real Estate Agents,graduation gift|class of 2026|grad shirt|real estate agents|real gift|mug|funny gift|personalized gift|custom gift|trending 2026|etsy find|gift idea|family gift,16.99,14.3,queued
W4,2026-03-19,LB-00010,Plant Lovers,Christmas,Sticker,Healing Hands Sticker | Christmas | Plant Lovers,christmas gift|holiday shirt|xmas mug|plant lovers|plant gift|sticker|funny gift|personalized gift|custom gift|trending 2026|etsy find|gift idea|family gift,5.99,32.9,queued
W4,2026-03-20,LB-00027,Fitness Moms,Christmas,Sticker,Proud to Teach Sticker | Christmas | Fitness Moms,christmas gift|holiday shirt|xmas mug|fitness moms|fitness gift|sticker|funny gift|personalized gift|custom gift|trending 2026|etsy find|gift idea|family gift,5.99,32.9,queued
W4,2026-03-21,LB-00031,Teachers,Back to School,Sticker,Vintage Sunset Sticker | Back to School | Teachers,back to school|teacher shirt|classroom decor|teachers|teachers gift|sticker|funny gift|personalized gift|custom gift|trending 2026|etsy find|gift idea|family gift,5.99,32.9,queued
W4,2026-03-22,LB-00055,Teachers,Back to School,Sticker,Read Sleep Repeat Sticker | Back to School | Teachers,back to school|teacher shirt|classroom decor|teachers|teachers gift|sticker|funny gift|personalized gift|custom gift|trending 2026|etsy find|gift idea|family gift,5.99,32.9,queued
W4,2026-03-23,LB-00081,Coffee Lovers,Halloween,Sticker,Photo Collage Layout Sticker | Halloween | Coffee Lovers,halloween shirt|spooky mug|cute halloween|coffee lovers|coffee gift|sticker|funny gift|personalized gift|custom gift|trending 2026|etsy find|gift idea|family gift,5.99,32.9,queued
W4,2026-03-24,LB-00091,Christian Moms,Christmas,Sticker,Nurse Life Sticker | Christmas | Christian Moms,christmas gift|holiday shirt|xmas mug|christian moms|christian gift|sticker|funny gift|personalized gift|custom gift|trending 2026|etsy find|gift idea|family gift,5.99,32.9,queued
W4,2026-03-18,LB-00093,Girl Moms,Back to School,Sticker,My Favorite Human Sticker | Back to School | Girl Moms,back to school|teacher shirt|classroom decor|girl moms|girl gift|sticker|funny gift|personalized gift|custom gift|trending 2026|etsy find|gift idea|family gift,5.99,32.9,queued
W4,2026-03-19,LB-00111,Book Lovers,Christmas,Sticker,Caregiver Heart Sticker | Christmas | Book Lovers,christmas gift|holiday shirt|xmas mug|book lovers|book gift|sticker|funny gift|personalized gift|custom gift|trending 2026|etsy find|gift idea|family gift,5.99,32.9,queued
W4,2026-03-20,LB-00129,Boy Moms,Back to School,Sticker,Respawn and Repeat Sticker | Back to School | Boy Moms,back to school|teacher shirt|classroom decor|boy moms|boy gift|sticker|funny gift|personalized gift|custom gift|trending 2026|etsy find|gift idea|family gift,5.99,32.9,queued
W4,2026-03-21,LB-00130,Book Lovers,Back to School,Sticker,Monogram Style Sticker | Back to School | Book Lovers,back to school|teacher shirt|classroom decor|book lovers|book gift|sticker|funny gift|personalized gift|custom gift|trending 2026|etsy find|gift idea|family gift,5.99,32.9,queued
W4,2026-03-22,LB-00154,Graduation Families,Halloween,Sticker,Chaos Coordinator Sticker | Halloween | Graduation Families,halloween shirt|spooky mug|cute halloween|graduation families|graduation gift|sticker|funny gift|personalized gift|custom gift|trending 2026|etsy find|gift idea|family gift,5.99,32.9,queued
W4,2026-03-23,LB-00155,Nurses,Christmas,Sticker,Plant Parent Energy Sticker | Christmas | Nurses,christmas gift|holiday shirt|xmas mug|nurses|nurses gift|sticker|funny gift|personalized gift|custom gift|trending 2026|etsy find|gift idea|family gift,5.99,32.9,queued
W4,2026-03-24,LB-00156,Gamers,Halloween,Sticker,Proud to Teach Sticker | Halloween | Gamers,halloween shirt|spooky mug|cute halloween|gamers|gamers gift|sticker|funny gift|personalized gift|custom gift|trending 2026|etsy find|gift idea|family gift,5.99,32.9,queued
W4,2026-03-18,LB-00164,Gamers,Back to School,Sticker,Groovy Flowers Sticker | Back to School | Gamers,back to school|teacher shirt|classroom decor|gamers|gamers gift|sticker|funny gift|personalized gift|custom gift|trending 2026|etsy find|gift idea|family gift,5.99,32.9,queued
W4,2026-03-19,LB-00185,Grandmas/Nanas,Christmas,Sticker,Vitals and Vibes Sticker | Christmas | Grandmas/Nanas,christmas gift|holiday shirt|xmas mug|grandmas nanas|grandmas/nanas gift|sticker|funny gift|personalized gift|custom gift|trending 2026|etsy find|gift idea|family gift,5.99,32.9,queued
W4,2026-03-20,LB-00195,Nurses,Christmas,Sticker,Picture + Name Sticker | Christmas | Nurses,christmas gift|holiday shirt|xmas mug|nurses|nurses gift|sticker|funny gift|personalized gift|custom gift|trending 2026|etsy find|gift idea|family gift,5.99,32.9,queued
W4,2026-03-21,LB-00204,Dental Hygienists,Halloween,Sticker,Personalized Family Name Sticker | Halloween | Dental Hygienists,halloween shirt|spooky mug|cute halloween|dental hygienists|dental gift|sticker|funny gift|personalized gift|custom gift|trending 2026|etsy find|gift idea|family gift,5.99,32.9,queued
W4,2026-03-22,LB-00206,Grandmas/Nanas,Back to School,Sticker,Add Kid Names Sticker | Back to School | Grandmas/Nanas,back to school|teacher shirt|classroom decor|grandmas nanas|grandmas/nanas gift|sticker|funny gift|personalized gift|custom gift|trending 2026|etsy find|gift idea|family gift,5.99,32.9,queued
W4,2026-03-23,LB-00219,Plant Lovers,Back to School,Sticker,Built for Service Sticker | Back to School | Plant Lovers,back to school|teacher shirt|classroom decor|plant lovers|plant gift|sticker|funny gift|personalized gift|custom gift|trending 2026|etsy find|gift idea|family gift,5.99,32.9,queued
W4,2026-03-24,LB-00227,Cat Moms,Back to School,Sticker,Picture + Name Sticker | Back to School | Cat Moms,back to school|teacher shirt|classroom decor|cat moms|cat gift|sticker|funny gift|personalized gift|custom gift|trending 2026|etsy find|gift idea|family gift,5.99,32.9,queued
W4,2026-03-18,LB-00237,Boy Moms,Christmas,Sticker,Monogram Style Sticker | Christmas | Boy Moms,christmas gift|holiday shirt|xmas mug|boy moms|boy gift|sticker|funny gift|personalized gift|custom gift|trending 2026|etsy find|gift idea|family gift,5.99,32.9,queued
W4,2026-03-19,LB-00238,Dental Hygienists,Back to School,Sticker,Proud to Teach Sticker | Back to School | Dental Hygienists,back to school|teacher shirt|classroom decor|dental hygienists|dental gift|sticker|funny gift|personalized gift|custom gift|trending 2026|etsy find|gift idea|family gift,5.99,32.9,queued
W4,2026-03-20,LB-00242,Dental Hygienists,Back to School,Sticker,Holy Moly Guacamole Sticker | Back to School | Dental Hygienists,back to school|teacher shirt|classroom decor|dental hygienists|dental gift|sticker|funny gift|personalized gift|custom gift|trending 2026|etsy find|gift idea|family gift,5.99,32.9,queued
W4,2026-03-21,LB-00251,Book Lovers,Christmas,Sticker,Mama Era Sticker | Christmas | Book Lovers,christmas gift|holiday shirt|xmas mug|book lovers|book gift|sticker|funny gift|personalized gift|custom gift|trending 2026|etsy find|gift idea|family gift,5.99,32.9,queued
W4,2026-03-22,LB-00257,Therapists,Back to School,Sticker,Memory Badge Sticker | Back to School | Therapists,back to school|teacher shirt|classroom decor|therapists|therapists gift|sticker|funny gift|personalized gift|custom gift|trending 2026|etsy find|gift idea|family gift,5.99,32.9,queued
W4,2026-03-23,LB-00268,Fitness Moms,Halloween,Sticker,Running on Vibes Sticker | Halloween | Fitness Moms,halloween shirt|spooky mug|cute halloween|fitness moms|fitness gift|sticker|funny gift|personalized gift|custom gift|trending 2026|etsy find|gift idea|family gift,5.99,32.9,queued
W4,2026-03-24,LB-00272,Real Estate Agents,Back to School,Sticker,Old School Badge Sticker | Back to School | Real Estate Agents,back to school|teacher shirt|classroom decor|real estate agents|real gift|sticker|funny gift|personalized gift|custom gift|trending 2026|etsy find|gift idea|family gift,5.99,32.9,queued
W4,2026-03-18,LB-00277,Christian Moms,Back to School,Sticker,Always in My Heart Sticker | Back to School | Christian Moms,back to school|teacher shirt|classroom decor|christian moms|christian gift|sticker|funny gift|personalized gift|custom gift|trending 2026|etsy find|gift idea|family gift,5.99,32.9,queued
W4,2026-03-19,LB-00278,Christian Moms,Halloween,Sticker,Dad Mode Sticker | Halloween | Christian Moms,halloween shirt|spooky mug|cute halloween|christian moms|christian gift|sticker|funny gift|personalized gift|custom gift|trending 2026|etsy find|gift idea|family gift,5.99,32.9,queued
W4,2026-03-20,LB-00279,Graduation Families,Christmas,Sticker,Paws and Effect Sticker | Christmas | Graduation Families,christmas gift|holiday shirt|xmas mug|graduation families|graduation gift|sticker|funny gift|personalized gift|custom gift|trending 2026|etsy find|gift idea|family gift,5.99,32.9,queued
W4,2026-03-21,LB-00280,Girl Moms,Christmas,Sticker,Personalized Family Name Sticker | Christmas | Girl Moms,christmas gift|holiday shirt|xmas mug|girl moms|girl gift|sticker|funny gift|personalized gift|custom gift|trending 2026|etsy find|gift idea|family gift,5.99,32.9,queued
W4,2026-03-22,LB-00285,New Dads,Halloween,Sticker,Add Kid Names Sticker | Halloween | New Dads,halloween shirt|spooky mug|cute halloween|new dads|new gift|sticker|funny gift|personalized gift|custom gift|trending 2026|etsy find|gift idea|family gift,5.99,32.9,queued
W4,2026-03-23,LB-00289,Moms of 2+,Halloween,Sticker,Throwback Type Sticker | Halloween | Moms of 2+,halloween shirt|spooky mug|cute halloween|moms of 2+|moms gift|sticker|funny gift|personalized gift|custom gift|trending 2026|etsy find|gift idea|family gift,5.99,32.9,queued
W4,2026-03-24,LB-00297,Boy Moms,Back to School,Sticker,Est. Year Custom Sticker | Back to School | Boy Moms,back to school|teacher shirt|classroom decor|boy moms|boy gift|sticker|funny gift|personalized gift|custom gift|trending 2026|etsy find|gift idea|family gift,5.99,32.9,queued
W4,2026-03-18,LB-00301,Teachers,Christmas,Sticker,Thank You for Everything Sticker | Christmas | Teachers,christmas gift|holiday shirt|xmas mug|teachers|teachers gift|sticker|funny gift|personalized gift|custom gift|trending 2026|etsy find|gift idea|family gift,5.99,32.9,queued
W4,2026-03-19,LB-00310,Therapists,Christmas,Sticker,Caregiver Heart Sticker | Christmas | Therapists,christmas gift|holiday shirt|xmas mug|therapists|therapists gift|sticker|funny gift|personalized gift|custom gift|trending 2026|etsy find|gift idea|family gift,5.99,32.9,queued
W4,2026-03-20,LB-00316,Book Lovers,Halloween,Sticker,Always in My Heart Sticker | Halloween | Book Lovers,halloween shirt|spooky mug|cute halloween|book lovers|book gift|sticker|funny gift|personalized gift|custom gift|trending 2026|etsy find|gift idea|family gift,5.99,32.9,queued
W4,2026-03-21,LB-00320,Coffee Lovers,Halloween,Sticker,Read Sleep Repeat Sticker | Halloween | Coffee Lovers,halloween shirt|spooky mug|cute halloween|coffee lovers|coffee gift|sticker|funny gift|personalized gift|custom gift|trending 2026|etsy find|gift idea|family gift,5.99,32.9,queued
W4,2026-03-22,LB-00325,Cat Moms,Halloween,Sticker,Grade A Chaos Sticker | Halloween | Cat Moms,halloween shirt|spooky mug|cute halloween|cat moms|cat gift|sticker|funny gift|personalized gift|custom gift|trending 2026|etsy find|gift idea|family gift,5.99,32.9,queued
W4,2026-03-23,LB-00338,Girl Moms,Christmas,Sticker,Nurse Strong Sticker | Christmas | Girl Moms,christmas gift|holiday shirt|xmas mug|girl moms|girl gift|sticker|funny gift|personalized gift|custom gift|trending 2026|etsy find|gift idea|family gift,5.99,32.9,queued
W4,2026-03-24,LB-00342,Therapists,Halloween,Sticker,Custom Role Name Sticker | Halloween | Therapists,halloween shirt|spooky mug|cute halloween|therapists|therapists gift|sticker|funny gift|personalized gift|custom gift|trending 2026|etsy find|gift idea|family gift,5.99,32.9,queued
W4,2026-03-18,LB-00348,Dog Moms,Halloween,Sticker,Picture + Name Sticker | Halloween | Dog Moms,halloween shirt|spooky mug|cute halloween|dog moms|dog gift|sticker|funny gift|personalized gift|custom gift|trending 2026|etsy find|gift idea|family gift,5.99,32.9,queued
W4,2026-03-19,LB-00366,Boy Moms,Halloween,Sticker,Proud to Teach Sticker | Halloween | Boy Moms,halloween shirt|spooky mug|cute halloween|boy moms|boy gift|sticker|funny gift|personalized gift|custom gift|trending 2026|etsy find|gift idea|family gift,5.99,32.9,queued
W4,2026-03-20,LB-00375,Book Lovers,Christmas,Sticker,Fueled by Coffee and Chaos Sticker | Christmas | Book Lovers,christmas gift|holiday shirt|xmas mug|book lovers|book gift|sticker|funny gift|personalized gift|custom gift|trending 2026|etsy find|gift idea|family gift,5.99,32.9,queued
W4,2026-03-21,LB-00378,Graduation Families,Christmas,Sticker,Old School Badge Sticker | Christmas | Graduation Families,christmas gift|holiday shirt|xmas mug|graduation families|graduation gift|sticker|funny gift|personalized gift|custom gift|trending 2026|etsy find|gift idea|family gift,5.99,32.9,queued
W4,2026-03-22,LB-00384,Dog Moms,Christmas,Sticker,Throwback Type Sticker | Christmas | Dog Moms,christmas gift|holiday shirt|xmas mug|dog moms|dog gift|sticker|funny gift|personalized gift|custom gift|trending 2026|etsy find|gift idea|family gift,5.99,32.9,queued
W4,2026-03-23,LB-00387,Grandmas/Nanas,Christmas,Sticker,Memory Badge Sticker | Christmas | Grandmas/Nanas,christmas gift|holiday shirt|xmas mug|grandmas nanas|grandmas/nanas gift|sticker|funny gift|personalized gift|custom gift|trending 2026|etsy find|gift idea|family gift,5.99,32.9,queued
W4,2026-03-24,LB-00403,Plant Lovers,Halloween,Sticker,Read Sleep Repeat Sticker | Halloween | Plant Lovers,halloween shirt|spooky mug|cute halloween|plant lovers|plant gift|sticker|funny gift|personalized gift|custom gift|trending 2026|etsy find|gift idea|family gift,5.99,32.9,queued
W4,2026-03-18,LB-00405,Cat Moms,Back to School,Sticker,Holy Moly Guacamole Sticker | Back to School | Cat Moms,back to school|teacher shirt|classroom decor|cat moms|cat gift|sticker|funny gift|personalized gift|custom gift|trending 2026|etsy find|gift idea|family gift,5.99,32.9,queued
W4,2026-03-19,LB-00427,Dental Hygienists,Christmas,Sticker,Throwback Type Sticker | Christmas | Dental Hygienists,christmas gift|holiday shirt|xmas mug|dental hygienists|dental gift|sticker|funny gift|personalized gift|custom gift|trending 2026|etsy find|gift idea|family gift,5.99,32.9,queued
W4,2026-03-20,LB-00429,Girl Moms,Back to School,Sticker,My Favorite Human Sticker | Back to School | Girl Moms,back to school|teacher shirt|classroom decor|girl moms|girl gift|sticker|funny gift|personalized gift|custom gift|trending 2026|etsy find|gift idea|family gift,5.99,32.9,queued
W4,2026-03-21,LB-00449,Dog Moms,Halloween,Sticker,Picture + Name Sticker | Halloween | Dog Moms,halloween shirt|spooky mug|cute halloween|dog moms|dog gift|sticker|funny gift|personalized gift|custom gift|trending 2026|etsy find|gift idea|family gift,5.99,32.9,queued
W4,2026-03-22,LB-00452,Nurses,Halloween,Sticker,Always in My Heart Sticker | Halloween | Nurses,halloween shirt|spooky mug|cute halloween|nurses|nurses gift|sticker|funny gift|personalized gift|custom gift|trending 2026|etsy find|gift idea|family gift,5.99,32.9,queued
W4,2026-03-23,LB-00467,Plant Lovers,Christmas,Sticker,Barely Functioning Sticker | Christmas | Plant Lovers,christmas gift|holiday shirt|xmas mug|plant lovers|plant gift|sticker|funny gift|personalized gift|custom gift|trending 2026|etsy find|gift idea|family gift,5.99,32.9,queued
W4,2026-03-24,LB-00473,Graduation Families,Back to School,Sticker,Groovy Flowers Sticker | Back to School | Graduation Families,back to school|teacher shirt|classroom decor|graduation families|graduation gift|sticker|funny gift|personalized gift|custom gift|trending 2026|etsy find|gift idea|family gift,5.99,32.9,queued
W4,2026-03-18,LB-00499,Teachers,Christmas,Sticker,Teacher Vibes Sticker | Christmas | Teachers,christmas gift|holiday shirt|xmas mug|teachers|teachers gift|sticker|funny gift|personalized gift|custom gift|trending 2026|etsy find|gift idea|family gift,5.99,32.9,queued
W4,2026-03-19,LB-00515,Gamers,Halloween,Sticker,Proud to Teach Sticker | Halloween | Gamers,halloween shirt|spooky mug|cute halloween|gamers|gamers gift|sticker|funny gift|personalized gift|custom gift|trending 2026|etsy find|gift idea|family gift,5.99,32.9,queued
W4,2026-03-20,LB-00527,Dog Moms,Back to School,Sticker,Chaos Coordinator Sticker | Back to School | Dog Moms,back to school|teacher shirt|classroom decor|dog moms|dog gift|sticker|funny gift|personalized gift|custom gift|trending 2026|etsy find|gift idea|family gift,5.99,32.9,queued
W4,2026-03-21,LB-00530,Nurses,Christmas,Sticker,Grace Over Grind Sticker | Christmas | Nurses,christmas gift|holiday shirt|xmas mug|nurses|nurses gift|sticker|funny gift|personalized gift|custom gift|trending 2026|etsy find|gift idea|family gift,5.99,32.9,queued
W4,2026-03-22,LB-00542,Boy Moms,Christmas,Sticker,Built with Love Sticker | Christmas | Boy Moms,christmas gift|holiday shirt|xmas mug|boy moms|boy gift|sticker|funny gift|personalized gift|custom gift|trending 2026|etsy find|gift idea|family gift,5.99,32.9,queued
W4,2026-03-23,LB-00548,Grandmas/Nanas,Christmas,Sticker,Built for Service Sticker | Christmas | Grandmas/Nanas,christmas gift|holiday shirt|xmas mug|grandmas nanas|grandmas/nanas gift|sticker|funny gift|personalized gift|custom gift|trending 2026|etsy find|gift idea|family gift,5.99,32.9,queued
W4,2026-03-24,LB-00580,Dog Moms,Halloween,Sticker,Proud to Teach Sticker | Halloween | Dog Moms,halloween shirt|spooky mug|cute halloween|dog moms|dog gift|sticker|funny gift|personalized gift|custom gift|trending 2026|etsy find|gift idea|family gift,5.99,32.9,queued
W4,2026-03-18,LB-00598,Dog Moms,Back to School,Sticker,Caregiver Heart Sticker | Back to School | Dog Moms,back to school|teacher shirt|classroom decor|dog moms|dog gift|sticker|funny gift|personalized gift|custom gift|trending 2026|etsy find|gift idea|family gift,5.99,32.9,queued
